X,Y,FID,REPORTING_YEAR,ID,Region,Latitude,Longitude,ANHI,BAEA,BCNH,BRPE,CAEG,DCCO,GBHE,GLIB,GREG,GRHE,LBHE,MAFR,OSPR,REEG,ROSP,SMDH,SMWH,SNEG,TRHE,WHIB,WOST,YCNH,UnidWhite,UnidDark,Total,GWHE,SNHE
-80.322510001,26.84195,1,2015,Peanut Pond,Corbett,26.84195,-80.32251,2,0,0,0,27,0,0,0,385,0,40,0,0,0,0,0,0,0,0,0,0,0,59,2,515,0,0
-80.356480001,26.843469999,2,2015,Trail 7,Corbett,26.84347,-80.35648,0,0,0,0,0,0,0,0,0,0,15,0,0,0,0,0,0,0,0,0,0,0,5,2,22,0,0
-81.343883,26.27305,3,2015,Barron Collier 29,Corkscrew,26.27305,-81.343883,0,0,0,0,0,0,0,0,21,0,0,0,0,0,0,0,0,0,0,0,141,0,66,0,228,0,0
-81.794949999,26.696583,4,2015,Caloosahatchee East,Corkscrew,26.696583,-81.79495,0,0,0,0,0,0,3,0,4,0,0,0,0,0,0,0,0,0,0,0,0,0,4,0,11,0,0
-81.616417,26.375033,5,2015,Corkscrew Swamp,Corkscrew,26.375033,-81.616417,0,0,0,0,0,0,0,0,0,0,0,0,0,0,0,0,0,0,0,0,0,0,0,0,0,0,0
-81.272717,26.370383,6,2015,Collier-Hendry Line,Corkscrew,26.370383,-81.272717,0,0,0,0,0,0,0,0,0,0,0,0,0,0,0,0,0,0,0,0,0,0,0,0,0,0,0
-81.83015,26.688867,7,2015,Lenore Island,Corkscrew,26.688867,-81.83015,0,0,0,0,0,0,4,0,7,0,0,0,0,0,0,0,0,0,0,0,69,0,38,0,118,0,0
-81.544400001,26.5004,8,2015,Orange Grove,CREW,26.5004,-81.5444,5,0,0,0,2,0,0,0,18,2,2,0,0,0,0,0,1,4,2,0,0,0,0,0,36,0,0
-81.57841,26.394416,9,2015,Sod Farms,CREW,26.394416,-81.57841,2,0,0,0,319,0,0,0,2,0,66,0,0,0,0,1,1,16,7,0,0,0,0,0,414,0,0
-81.5568000009999,26.3929,10,2015,Cypress East,CREW,26.3929,-81.5568,2,0,0,0,0,0,0,0,53,1,0,0,0,0,0,0,0,1,0,0,0,0,0,0,57,0,0
-80.187908,27.190281,11,2015,Bird Island,East Coast,27.190281,-80.187908,1,0,0,48,1,10,0,0,19,0,0,0,0,0,2,0,0,1,0,1,37,0,0,0,120,0,0
-80.109158001,26.830148,12,2015,BallenIsles,East Coast,26.830148,-80.109158,5,0,0,0,0,17,0,0,13,0,0,0,0,0,0,0,0,1,0,0,34,0,0,0,70,0,0
-80.337621,26.149837,13,2015,Sawgrass Ford,East Coast,26.149837,-80.337621,3,0,0,0,0,11,0,0,3,0,0,0,0,0,0,0,0,1,2,0,74,0,0,0,94,0,0
-80.142326,26.479889,14,2015,Wakodahatchee,East Coast,26.479889,-80.142326,0,0,0,0,0,0,0,0,0,0,0,0,0,0,0,0,0,0,0,0,28,0,0,0,28,0,0
-81.147138,25.670989,15,2015,Alligator Bay,ENP,25.670989,-81.147138,0,0,0,0,0,0,0,0,40,0,0,0,0,0,0,0,0,0,0,400,0,0,0,0,440,0,0
-80.974397,25.502924,16,2015,Broad River,ENP,25.502924,-80.974397,0,0,0,0,0,0,0,0,70,0,0,0,0,0,50,0,0,100,0,200,193,0,0,0,613,0,0
-81.056117001,25.619995,17,2015,Cabbage Bay,ENP,25.619995,-81.056117,0,0,0,0,0,0,0,0,160,0,0,0,0,0,8,0,0,75,0,400,65,0,0,0,708,0,0
-80.775001,25.209331,18,2015,Cuthbert Lake,ENP,25.209331,-80.775001,0,0,0,0,0,0,0,0,75,0,0,0,0,0,0,0,0,0,0,0,30,0,0,0,105,0,0
-80.86785,25.268600001,19,2015,East River,ENP,25.2686,-80.86785,0,0,0,0,0,0,0,0,25,0,0,0,0,0,0,0,0,0,0,0,0,0,0,0,25,0,0
-80.652754,25.636272,20,2015,Grossman Ridge West,ENP,25.636272,-80.652754,0,0,0,0,0,0,0,0,130,0,0,0,0,0,0,0,0,0,0,0,0,0,0,0,130,0,0
-80.56455,25.23205,21,2015,Joe Bay,ENP,25.23205,-80.56455,0,0,0,0,0,0,0,0,60,0,0,0,0,0,0,0,0,0,0,0,0,0,0,0,60,0,0
-80.972039,25.587231999,22,2015,Lostmans Creek,ENP,25.587232,-80.972039,0,0,0,0,0,0,0,0,130,0,0,0,0,0,0,0,0,0,0,100,0,0,0,0,230,0,0
-80.659447,25.219315,23,2015,Madeira Hammock,ENP,25.219315,-80.659447,0,0,0,0,0,0,5,0,40,0,0,0,0,0,0,0,0,0,0,400,0,0,0,0,445,0,0
-80.937717,25.4678029990001,24,2015,Otter Creek,ENP,25.467803,-80.937717,0,0,0,0,0,0,0,0,175,0,0,0,0,0,0,0,0,20,0,600,0,0,0,0,795,0,0
-80.802997,25.2815,25,2015,Paurotis Pond,ENP,25.2815,-80.802997,0,0,0,0,0,0,0,0,105,0,0,0,0,0,0,0,0,0,0,50,285,0,0,0,440,0,0
-81.0698360009999,25.556668,26,2015,Rodgers River Bay Large Island,ENP,25.556668,-81.069836,0,0,0,0,0,0,0,0,15,0,0,0,0,0,0,0,0,0,0,0,0,0,0,0,15,0,0
-81.06996,25.555239,27,2015,Rodgers River Bay Small Island,ENP,25.555239,-81.06996,0,0,0,0,0,0,0,0,35,0,0,0,0,0,0,0,0,0,0,0,0,0,0,0,35,0,0
-80.852558,25.463561,28,2015,Rookery Branch,ENP,25.463561,-80.852558,0,0,0,0,0,0,0,0,150,0,0,0,0,0,0,0,0,20,0,130,0,0,0,0,300,0,0
-80.545017,25.757449,29,2015,Tamiami West,ENP,25.757449,-80.545017,0,0,0,0,0,0,0,0,250,0,0,0,0,0,1,0,0,100,0,1309,75,0,0,0,1735,0,0
-81.843573,26.367366,30,2015,619038c,Estero Bay,26.367366,-81.843573,0,0,0,0,0,0,0,0,0,0,0,0,0,0,0,0,0,0,0,0,0,2,0,0,2,0,0
-81.84995,26.3828569990001,31,2015,Big Bird Island,Estero Bay,26.382857,-81.84995,0,0,0,0,0,0,2,0,0,0,0,0,0,0,0,0,0,0,0,0,0,0,0,0,2,0,0
-81.900663,26.431549999,32,2015,Big Carlos Pass M-43,Estero Bay,26.43155,-81.900663,0,0,0,0,0,0,2,0,0,0,0,0,0,0,0,0,0,0,0,0,0,3,0,0,5,0,0
-81.900503999,26.427714,33,2015,Big Carlos Pass M-48,Estero Bay,26.427714,-81.900504,0,0,0,0,0,0,1,0,0,0,0,0,0,0,0,0,0,0,1,0,0,4,0,0,6,0,0
-81.8952689989999,26.42244,34,2015,Big Carlos Pass M-50&52,Estero Bay,26.42244,-81.895269,0,0,0,0,0,0,0,0,0,0,0,0,0,0,0,0,0,0,0,0,0,1,0,0,1,0,0
-81.898518,26.426716,35,2015,Big Carlos Pass S of M-48,Estero Bay,26.426716,-81.898518,0,0,0,0,0,0,0,0,0,0,0,0,0,0,0,0,0,0,0,0,0,0,0,0,0,0,0
-81.901374,26.429263,36,2015,Big Carlos Pass W of M-46,Estero Bay,26.429263,-81.901374,0,0,0,0,0,0,1,0,0,0,0,0,0,0,0,0,0,0,0,0,0,0,0,0,1,0,0
-81.893593,26.4246859990001,37,2015,Big Carlos Pass W of M-52,Estero Bay,26.424686,-81.893593,0,0,5,0,0,0,5,0,10,0,1,0,0,2,0,0,0,7,9,0,0,3,0,0,42,0,0
-81.841636,26.353152,38,2015,Big Hickory E of M-85,Estero Bay,26.353152,-81.841636,0,0,1,0,0,0,6,0,2,0,0,0,0,1,0,0,0,0,0,0,0,0,0,0,10,0,0
-81.843877,26.350571,39,2015,Big Hickory M-83,Estero Bay,26.350571,-81.843877,0,0,0,0,0,0,0,0,0,0,0,0,0,0,0,0,0,0,0,0,0,1,0,0,1,0,0
-81.84658,26.36766,40,2015,Big Hickory M-49 2NW,Estero Bay,26.36766,-81.84658,0,0,0,0,0,0,0,0,0,0,0,0,0,0,0,0,0,0,0,0,0,0,0,0,0,0,0
-81.84698,26.36831,41,2015,Big Hickory M-49 3NW,Estero Bay,26.36831,-81.84698,0,0,0,0,0,0,0,0,0,0,0,0,0,0,0,0,0,0,0,0,0,0,0,0,0,0,0
-81.849045,26.38411,42,2015,Coconut Point East,Estero Bay,26.38411,-81.849045,0,0,2,0,0,0,8,0,6,0,0,0,0,0,0,0,0,1,0,0,0,0,0,0,17,0,0
-81.849764001,26.381107,43,2015,Coconut Point West,Estero Bay,26.381107,-81.849764,0,0,0,0,0,0,1,0,0,0,0,0,0,0,0,0,0,0,0,0,0,0,0,0,1,0,0
-81.8672829989999,26.437716,44,2015,Denegre Key,Estero Bay,26.437716,-81.867283,0,0,0,0,0,0,4,0,0,6,0,0,0,0,0,0,0,0,0,0,0,5,0,0,15,0,0
-81.861127,26.4302920010001,45,2015,Estero River M-30,Estero Bay,26.430292,-81.861127,0,0,0,0,0,0,0,0,0,1,0,0,0,0,0,0,0,0,0,0,0,0,0,0,1,0,0
-81.86091,26.43653,46,2015,Estero River North,Estero Bay,26.43653,-81.86091,0,0,0,0,0,0,0,0,0,4,0,0,0,0,0,0,0,0,0,0,0,7,0,0,11,0,0
-81.86211,26.43416,47,2015,Estero River South,Estero Bay,26.43416,-81.86211,0,0,0,0,0,0,0,0,0,0,0,0,0,0,0,0,0,0,0,0,0,1,0,0,1,0,0
-81.846443,26.349876,48,2015,Hogue Channel M-78,Estero Bay,26.349876,-81.846443,0,0,0,0,0,0,0,0,0,0,0,0,0,0,0,0,0,0,0,0,0,4,0,0,4,0,0
-81.957169999,26.4609159990001,49,2015,Matanzas Pass,Estero Bay,26.460916,-81.95717,0,0,3,0,0,0,16,0,3,0,7,0,0,5,0,0,0,16,17,0,0,1,0,0,68,0,0
-81.859253,26.388646,50,2015,New Pass M-21,Estero Bay,26.388646,-81.859253,0,0,0,0,0,0,0,0,0,0,0,0,0,0,0,0,0,0,0,0,0,0,0,0,0,0,0
-81.868157,26.404652,51,2015,New Pass M-9,Estero Bay,26.404652,-81.868157,0,0,0,0,0,0,4,0,0,0,0,0,0,0,0,0,0,0,0,0,0,0,0,0,4,0,0
-81.854859,26.411314,52,2015,North Coconut E of M-3,Estero Bay,26.411314,-81.854859,0,0,1,0,0,0,4,0,4,0,1,0,0,0,0,0,0,8,1,0,0,2,0,0,21,0,0
-81.859977,26.407365,53,2015,North Coconut M-4,Estero Bay,26.407365,-81.859977,0,0,0,0,0,0,0,0,0,0,0,0,0,0,0,0,0,0,0,0,0,0,0,0,0,0,0
-81.85302,26.40783,54,2015,Ruth's Island,Estero Bay,26.40783,-81.85302,0,0,0,0,0,0,1,0,0,1,0,0,0,0,0,0,0,0,0,0,0,0,0,0,2,0,0
-81.1136,27.3993,55,2015,Bumblebee Island,Kissimmee,27.3993,-81.1136,0,0,0,0,434,0,0,0,180,0,0,0,0,0,0,0,0,0,0,829,0,0,0,0,1443,0,0
-81.1075,28.2412,56,2015,Cat Island,Kissimmee,28.2412,-81.1075,0,0,0,0,0,0,0,0,0,0,0,0,0,0,0,0,0,0,0,0,0,0,0,0,0,0,0
-80.9811,27.380300001,57,2015,Chandler Slough East,Kissimmee,27.3803,-80.9811,0,0,0,0,0,0,5,0,65,0,0,0,0,0,0,0,0,0,0,0,0,0,0,0,70,0,0
-81.0063,27.3769999990001,58,2015,Chandler Slough New,Kissimmee,27.377,-81.0063,0,0,0,0,0,0,4,0,1,0,0,0,0,0,0,0,0,0,0,0,0,0,0,0,5,0,0
-81.0745,27.3806,59,2015,C-38 Caracara Run,Kissimmee,27.3806,-81.0745,0,0,0,0,0,0,0,0,0,0,0,0,0,0,0,0,0,0,0,0,0,0,0,0,0,0,0
-81.037,27.8681000010001,60,2015,Lake Marian East,Kissimmee,27.8681,-81.037,0,0,0,0,0,0,5,0,0,0,0,0,0,0,0,0,0,0,0,0,0,0,0,0,5,0,0
-81.1028000009999,27.892500001,61,2015,Lake Marian North,Kissimmee,27.8925,-81.1028,0,0,0,0,0,0,0,0,0,0,0,0,0,0,0,0,0,0,0,0,0,0,0,0,0,0,0
-81.0536,27.862199999,62,2015,Lake Marian South,Kissimmee,27.8622,-81.0536,0,0,0,0,0,0,0,0,0,0,0,0,0,0,0,0,0,0,0,0,0,0,0,0,0,0,0
-81.1843,28.3789,63,2015,Lake Mary Jane,Kissimmee,28.3789,-81.1843,0,0,0,0,0,0,45,0,325,0,0,0,0,0,0,0,0,0,0,0,75,0,0,0,445,0,0
-81.421900001,27.91,64,2015,Lake Rosalie,Kissimmee,27.91,-81.4219,0,0,0,0,0,0,0,0,50,0,0,0,0,0,0,0,0,0,0,0,8,0,0,0,58,0,0
-81.4108,28.1251,65,2015,Lake Russel,Kissimmee,28.1251,-81.4108,0,0,0,0,0,0,0,0,0,0,0,0,0,0,0,0,0,0,0,0,0,0,0,0,0,0,0
-81.2511,27.8077,66,2015,Melaleuca Island,Kissimmee,27.8077,-81.2511,0,0,0,0,0,0,2,0,0,0,0,0,0,0,0,0,0,0,0,0,0,0,0,0,2,0,0
-81.093,27.3595,67,2015,Orange Grove NW,Kissimmee,27.3595,-81.093,0,0,0,0,0,0,12,0,0,0,0,0,0,0,0,0,0,0,0,0,0,0,0,0,12,0,0
-81.1093,27.3304,68,2015,Orange Grove SW,Kissimmee,27.3304,-81.1093,0,0,0,0,0,0,0,0,0,0,0,0,0,0,0,0,0,0,0,0,0,0,0,0,0,0,0
-81.0775,27.3512,69,2015,Orange Grove,Kissimmee,27.3512,-81.0775,0,0,0,0,0,0,0,0,18,0,0,0,0,0,0,0,0,0,0,0,0,0,0,0,18,0,0
-81.0971000009999,27.6311,70,2015,Pine Island Slough New,Kissimmee,27.6311,-81.0971,0,0,0,0,0,0,2,0,0,0,0,0,0,0,0,0,0,0,0,0,0,0,0,0,2,0,0
-81.2540999989999,27.9387,71,2015,Rabbit Island,Kissimmee,27.9387,-81.2541,0,0,0,0,764,0,29,0,398,0,0,0,0,0,0,0,0,0,0,332,0,0,0,0,1523,0,0
-80.9854,27.2474,72,2015,River Bluff,Kissimmee,27.2474,-80.9854,0,0,0,0,0,0,15,0,20,0,0,0,0,0,0,0,0,0,0,0,0,0,0,0,35,0,0
-81.1858,27.7749,73,2015,River Ranch C-38 Island,Kissimmee,27.7749,-81.1858,0,0,0,0,0,0,4,0,26,0,0,0,0,0,0,0,0,0,0,0,0,0,0,0,30,0,0
-81.1259,27.3971999990001,74,2015,S-65C Boat Ramp,Kissimmee,27.3972,-81.1259,0,0,0,0,0,0,0,0,0,0,0,0,0,0,0,0,0,0,0,0,0,0,0,0,0,0,0
-81.1136,27.3993,75,2015,S-65C Structure,Kissimmee,27.3993,-81.1136,0,0,0,0,0,0,0,0,0,0,0,0,0,0,0,0,0,0,0,0,0,0,0,0,0,0,0
-81.0011,27.5898,76,2015,Seven Mile Slough,Kissimmee,27.5898,-81.0011,0,0,0,0,0,0,7,0,8,0,0,0,0,0,0,0,0,0,0,0,0,0,0,0,15,0,0
-81.544,28.1002,77,2015,Twin Islands,Kissimmee,28.1002,-81.544,0,0,0,0,0,0,15,0,41,0,0,0,0,0,0,0,0,0,0,0,0,0,0,0,56,0,0
-80.90938,26.77573,78,2015,Clewiston Spit,Lake Okeechobee,26.77573,-80.90938,0,0,0,0,0,0,0,0,80,0,3,0,0,0,0,0,0,45,35,0,0,0,0,0,163,0,0
-80.8317,27.18791,79,2015,Eagle Bay Trail,Lake Okeechobee,27.18791,-80.8317,0,0,0,0,650,0,2,25,4,0,21,0,0,0,0,0,0,125,59,10,0,0,0,0,896,0,0
-81.06084,27.0227799990001,80,2015,Gator Farm,Lake Okeechobee,27.02278,-81.06084,0,0,0,0,200,0,0,0,160,0,0,0,0,0,0,0,0,125,0,0,0,0,0,0,485,0,0
-80.86883,27.078519999,81,2015,Indian Prairie East,Lake Okeechobee,27.07852,-80.86883,6,0,0,0,290,0,2,0,250,0,0,0,0,0,0,0,0,15,0,0,0,0,0,0,563,0,0
-81.1144,26.9726,82,2015,Lakeport Marina,Lake Okeechobee,26.9726,-81.1144,0,0,0,0,220,0,26,0,85,0,0,0,0,0,0,0,0,0,10,0,0,0,0,0,341,0,0
-80.99675,26.81752,83,2015,Liberty Point 2,Lake Okeechobee,26.81752,-80.99675,15,0,0,0,0,0,1,100,650,0,12,0,0,0,0,0,0,750,100,1200,0,0,0,0,2828,0,0
-80.84222,26.721390001,84,2015,Little Bear Beach,Lake Okeechobee,26.72139,-80.84222,0,0,0,0,0,0,0,0,50,0,3,0,0,0,1,0,0,60,30,0,0,0,0,0,144,0,0
-81.08236,26.88058,85,2015,Moore Haven,Lake Okeechobee,26.88058,-81.08236,0,0,0,0,0,0,0,5,155,0,1,0,0,0,0,0,0,160,53,80,0,0,0,0,454,0,0
-81.05337,26.89336,86,2015,Moore Haven East 4,Lake Okeechobee,26.89336,-81.05337,0,0,0,0,0,0,0,0,5,0,0,0,0,0,0,0,0,0,0,0,0,0,0,0,5,0,0
-81.115,26.88826,87,2015,Moore Haven West,Lake Okeechobee,26.88826,-81.115,0,0,0,0,0,0,0,0,6,0,3,0,0,0,0,0,0,120,0,0,0,0,0,0,129,0,0
-80.141984001,26.778393,88,2015,SWA,SWA,26.778393,-80.141984,312,0,0,0,148,0,0,10,35,0,4,0,0,0,6,0,0,22,58,289,255,0,0,0,1139,0,0
-80.39053,26.43822,89,2015,LOX 99,WCA-1,26.43822,-80.39053,0,0,0,0,0,0,0,0,221,0,0,0,0,0,0,0,0,400,0,2900,0,0,0,0,3521,0,0
-80.44268,26.55014,90,2015,LOX West,WCA-1,26.55014,-80.44268,0,0,0,0,0,0,0,0,60,0,0,0,0,0,9,0,0,0,0,985,0,0,0,0,1054,0,0
-80.2762,26.5328,91,2015,New 4,WCA-1,26.5328,-80.2762,0,0,0,0,0,0,0,0,0,0,0,0,0,0,0,0,0,0,0,0,0,0,0,0,0,0,0
-80.22533,26.49511,92,2015,Lox Ramp,WCA-1,26.49511,-80.22533,0,0,0,0,0,0,0,0,78,0,0,0,0,0,0,0,0,0,0,1700,0,0,0,0,1778,0,0
-80.26597,26.371870001,93,2015,LOX 73,WCA-1,26.37187,-80.26597,0,0,0,0,0,0,0,0,130,0,0,0,0,0,0,0,0,0,0,150,0,0,0,0,280,0,0
-80.24032,26.45857,94,2015,New Colony 2,WCA-1,26.45857,-80.24032,0,0,0,0,0,0,0,0,112,0,0,0,0,0,0,0,0,0,0,0,0,0,0,0,112,0,0
-80.3309,26.50638,95,2015,103,WCA-1,26.50638,-80.3309,0,0,0,0,0,0,0,0,0,0,0,0,0,0,0,0,0,50,0,0,0,0,0,0,50,0,0
-80.372289999,26.46838,96,2015,Welt,WCA-1,26.46838,-80.37229,0,0,0,0,0,0,0,0,218,0,0,0,0,0,0,0,0,0,0,0,0,0,0,0,218,0,0
-80.3128,26.237820001,97,2015,Rhea,WCA-2,26.23782,-80.3128,0,0,0,0,0,0,0,0,187,0,0,0,0,0,0,0,0,0,0,0,0,0,0,0,187,0,0
-80.528733,26.201317,98,2015,Alley North,WCA-3A,26.201317,-80.528733,0,0,0,0,0,0,0,0,450,0,0,0,0,0,60,0,0,0,0,15434,0,0,0,0,15944,0,0
-80.541483,26.124283,99,2015,6th Bridge,WCA-3A,26.124283,-80.541483,0,0,0,0,0,0,0,0,533,0,0,0,0,0,60,0,0,0,0,480,0,0,0,0,1073,0,0
-80.84902,25.8051,100,2015,Jetport South,WCA-3A,25.8051,-80.84902,0,0,0,0,0,0,0,0,52,0,0,0,0,0,2,0,0,0,0,0,0,0,0,0,54,0,0
-80.572067,25.960517,101,2015,Horus,WCA-3A,25.960517,-80.572067,0,0,0,0,0,0,0,0,347,0,0,0,0,0,0,0,0,0,0,0,0,0,0,0,347,0,0
-80.632333,26.012300001,102,2015,Joule,WCA-3A,26.0123,-80.632333,0,0,0,0,0,0,0,0,75,0,0,0,0,0,0,0,0,0,0,0,0,0,0,0,75,0,0
-80.595133,26.000117,103,2015,Jerrod,WCA-3A,26.000117,-80.595133,0,0,0,0,0,0,0,0,90,0,0,0,0,0,0,0,0,0,0,0,0,0,0,0,90,0,0
-80.504383,26.124083,104,2015,Cypress City,WCA-3A,26.124083,-80.504383,0,0,0,0,0,0,0,0,61,0,0,0,0,0,0,0,0,0,0,0,0,0,0,0,61,0,0
-80.630217,25.91565,105,2015,Vacation,WCA-3A,25.91565,-80.630217,0,0,0,0,0,0,0,0,75,0,0,0,0,0,0,0,0,0,0,0,0,0,0,0,75,0,0
-80.498017,26.10715,106,2015,Andytown,WCA-3A,26.10715,-80.498017,0,0,0,0,0,0,0,0,101,0,0,0,0,0,0,0,0,0,0,0,0,0,0,0,101,0,0
-80.2816500009999,26.4765500010001,107,2015,192,WCA-3A,26.47655,-80.28165,0,0,0,0,0,0,0,0,32,0,0,0,0,0,0,0,0,0,0,0,0,0,30,0,62,0,0
-80.837216999,25.773533,108,2015,Hidden,WCA-3A,25.773533,-80.837217,0,0,0,0,0,0,0,0,100,0,0,0,0,0,0,0,0,0,0,0,0,0,0,0,100,0,0
-80.53916,26.0256399990001,109,2015,Vulture,WCA-3A,26.02564,-80.53916,0,0,0,0,0,0,0,0,55,0,0,0,0,0,0,0,0,0,0,0,0,0,0,0,55,0,0
-82.2276,26.6679,110,2013,Bird Keys,Charlotte,26.6679,-82.2276,0,0,0,0,0,0,0,0,0,0,0,0,0,0,0,0,0,0,0,0,0,0,0,0,0,0,0
-82.0896999989999,26.6742,111,2013,Bird Rookery Keys,Charlotte,26.6742,-82.0897,0,0,0,0,0,0,0,0,0,0,0,0,0,0,0,0,0,0,0,0,0,0,0,0,0,0,0
-82.194,26.6777,112,2013,Broken Islands,Charlotte,26.6777,-82.194,0,0,2,62,0,82,3,0,2,0,6,0,0,7,0,0,0,6,20,0,0,0,0,0,190,0,0
-82.1273,26.5742,113,2013,Cork Island,Charlotte,26.5742,-82.1273,0,0,0,0,0,9,1,0,0,1,0,0,0,0,0,0,0,0,0,0,0,1,0,0,12,0,0
-82.1811,26.6669,114,2013,Darling Keys,Charlotte,26.6669,-82.1811,0,0,0,0,0,0,0,0,0,0,0,0,0,0,0,0,0,0,0,0,0,0,0,0,0,0,0
-82.2671,26.820499999,115,2013,Dog Island,Charlotte,26.8205,-82.2671,0,0,0,0,0,0,1,0,0,0,0,0,0,0,0,0,0,0,0,0,0,0,0,0,1,0,0
-82.351099999,26.9289,116,2013,E of Chadwick Cove,Charlotte,26.9289,-82.3511,0,0,0,0,0,0,14,0,3,0,0,0,0,0,0,0,0,0,0,0,0,0,0,0,17,0,0
-82.1532,26.5999,117,2013,Hemp Key,Charlotte,26.5999,-82.1532,0,0,1,46,0,152,22,0,27,0,0,0,0,0,0,0,0,0,0,0,0,1,0,0,249,0,0
-82.1225,26.7001,118,2013,N. of Big Smokehouse,Charlotte,26.7001,-82.1225,0,0,0,0,0,0,0,0,0,0,0,0,0,0,0,0,0,0,0,0,0,0,0,0,0,0,0
-82.1035,26.6518,119,2013,South of Indian Field,Charlotte,26.6518,-82.1035,0,0,0,0,0,0,0,0,0,0,0,0,0,0,0,0,0,0,0,0,0,0,0,0,0,0,0
-82.213399999,26.6512999990001,120,2013,Useppa Oyster Bar,Charlotte,26.6513,-82.2134,0,0,0,52,0,55,1,0,4,0,0,0,0,0,0,0,0,2,0,0,0,0,0,0,114,0,0
-82.2463,26.7904999990001,121,2013,White Pelican Island,Charlotte,26.7905,-82.2463,0,0,2,0,0,11,14,0,13,0,0,0,0,2,0,0,0,29,0,0,0,0,0,0,71,0,0
-81.61642,26.375029999,122,2013,Corkscrew Swamp,Corkscrew,26.37503,-81.61642,0,0,0,0,0,0,0,0,0,0,0,0,0,0,0,0,0,0,0,0,0,0,0,0,0,0,0
-81.8301500009999,26.6888699990001,123,2013,Lenore Island,Corkscrew,26.68887,-81.83015,0,0,0,0,0,0,1,0,19,0,0,0,0,0,0,0,0,0,0,0,27,0,10,0,57,0,0
-81.794949999,26.69658,124,2013,Caloosahatchee East,Corkscrew,26.69658,-81.79495,0,0,0,0,0,0,0,0,0,0,0,0,0,0,0,0,0,0,0,0,0,0,0,0,0,0,0
-81.27272,26.37038,125,2013,Collier-Hendry Line,Corkscrew,26.37038,-81.27272,0,0,0,0,0,0,0,0,0,0,0,0,0,0,0,0,0,0,0,0,0,0,0,0,0,0,0
-81.34388,26.27305,126,2013,Barron Collier 29,Corkscrew,26.27305,-81.34388,0,0,0,0,0,0,0,0,7,0,0,0,0,0,0,0,0,0,0,0,27,0,8,1,43,0,0
-82.1125,26.498,127,2013,Bodiford Key,Ding Darling,26.498,-82.1125,0,0,0,0,0,16,0,0,3,0,0,0,0,0,0,0,0,0,4,0,0,0,0,0,23,0,0
-82.112699999,26.5063,128,2013,Clam Key,Ding Darling,26.5063,-82.1127,0,0,0,0,0,0,1,0,0,0,0,0,0,0,0,0,0,0,0,0,0,0,0,0,1,0,0
-82.0639,26.5979,129,2013,Crescent Island,Ding Darling,26.5979,-82.0639,0,0,0,0,0,0,0,0,0,0,0,0,0,0,0,0,0,0,0,0,0,0,0,0,0,0,0
-82.1244,26.5466,130,2013,Fish Hut Island,Ding Darling,26.5466,-82.1244,0,0,0,5,0,32,2,0,3,0,0,0,0,0,0,0,0,0,0,0,0,0,0,0,42,0,0
-82.0552,26.5145,131,2013,Givney Key,Ding Darling,26.5145,-82.0552,1,0,0,6,1,14,13,0,0,0,0,0,0,0,0,0,0,0,0,0,0,0,0,0,35,0,0
-82.0526,26.6015,132,2013,Lumpkin Key,Ding Darling,26.6015,-82.0526,0,0,0,0,0,0,0,0,0,0,0,0,0,0,0,0,0,0,0,0,0,0,0,0,0,0,0
-82.033,26.5125,133,2013,Lower Bird Island,Ding Darling,26.5125,-82.033,0,0,0,0,0,0,0,0,0,0,0,0,0,0,0,0,0,0,0,0,0,0,0,0,0,0,0
-82.0749,26.5666,134,2013,Master's Landing,Ding Darling,26.5666,-82.0749,0,0,0,0,0,0,0,0,0,0,0,0,0,0,0,0,0,0,0,0,0,0,0,0,0,0,0
-82.1221,26.5582,135,2013,N. of Mason Island,Ding Darling,26.5582,-82.1221,2,0,0,0,0,18,1,0,0,0,0,0,0,0,0,0,0,0,0,0,0,0,0,0,21,0,0
-82.1226,26.5422,136,2013,N. of Regla Island,Ding Darling,26.5422,-82.1226,0,0,0,0,0,0,0,0,0,0,0,0,0,0,0,0,0,0,0,0,0,0,0,0,0,0,0
-82.104300001,26.4946,137,2013,N. of York Island,Ding Darling,26.4946,-82.1043,1,0,0,30,0,13,3,0,1,0,1,0,0,1,0,0,0,0,2,0,0,0,0,0,52,0,0
-82.102,26.4938,138,2013,NE of York,Ding Darling,26.4938,-82.102,1,0,0,33,0,2,2,0,0,0,0,0,0,0,0,0,0,0,0,0,0,0,0,0,38,0,0
-82.1251,26.5543,139,2013,NW of Mason Island,Ding Darling,26.5543,-82.1251,0,0,0,0,0,0,0,0,0,0,0,0,0,0,0,0,0,0,0,0,0,0,0,0,0,0,0
-82.1279,26.566,140,2013,NW of Pumpkin Key,Ding Darling,26.566,-82.1279,0,0,0,0,0,0,1,0,0,0,0,0,0,0,0,0,0,0,0,0,0,0,0,0,1,0,0
-82.025,26.51,141,2013,Skimmer Key,Ding Darling,26.51,-82.025,0,0,0,0,0,0,0,0,0,0,0,0,0,0,0,0,0,0,0,0,0,0,0,0,0,0,0
-82.1251,26.5531999990001,142,2013,SW of Mason Island,Ding Darling,26.5532,-82.1251,0,0,0,0,0,4,6,0,0,0,0,0,0,0,0,0,0,0,0,0,0,0,0,0,10,0,0
-82.1274,26.5639,143,2013,SW of Pumpkin Key,Ding Darling,26.5639,-82.1274,0,0,0,0,0,0,0,0,0,0,0,0,0,0,0,0,0,0,0,0,0,0,0,0,0,0,0
-82.0747000009999,26.4573,144,2013,Tarpon Bay  Keys,Ding Darling,26.4573,-82.0747,0,0,0,14,0,20,4,0,11,0,0,0,0,1,0,0,0,10,2,0,0,0,0,0,62,0,0
-82.0714,26.5592,145,2013,Upper Bird Island,Ding Darling,26.5592,-82.0714,0,0,0,45,1,24,4,0,3,0,0,0,0,0,0,0,0,1,0,0,0,0,0,0,78,0,0
-81.14714,25.67099,146,2013,Alligator Bay,ENP,25.67099,-81.14714,0,0,0,0,0,0,0,0,50,0,0,0,0,0,0,0,0,50,0,400,0,0,0,0,500,0,0
-80.9744,25.50293,147,2013,Broad River,ENP,25.50293,-80.9744,0,0,0,0,0,0,0,0,200,0,0,0,0,0,300,0,0,200,0,0,150,0,0,0,850,0,0
-81.05612,25.62,148,2013,Cabbage Bay,ENP,25.62,-81.05612,0,0,0,0,0,0,0,0,225,0,0,0,0,0,0,0,0,0,0,400,150,0,0,0,775,0,0
-80.775,25.20933,149,2013,Cuthbert Lake,ENP,25.20933,-80.775,0,0,0,0,0,0,0,0,75,0,0,0,0,0,0,0,0,0,0,0,150,0,0,0,225,0,0
-80.86785,25.268600001,150,2013,East River Rookery,ENP,25.2686,-80.86785,0,0,0,0,0,0,0,0,20,0,0,0,0,0,0,0,0,0,0,0,0,0,0,0,20,0,0
-80.6513,25.6351099990001,151,2013,Grossman Ridge West,ENP,25.63511,-80.6513,0,0,0,0,0,0,0,0,75,0,0,0,0,0,0,0,0,0,0,0,50,0,0,0,125,0,0
-80.64582,25.62613,152,2013,Grossman Ridge Willowhead,ENP,25.62613,-80.64582,0,0,0,0,0,0,0,0,100,0,0,0,0,0,0,0,0,0,0,0,0,0,0,0,100,0,0
-80.97204,25.587230001,153,2013,Lostmans Creek,ENP,25.58723,-80.97204,0,0,0,0,0,0,0,0,200,0,0,0,0,0,0,0,0,150,0,800,200,0,0,0,1350,0,0
-80.65936,25.22029,154,2013,Lower Taylor Slough (Madeira),ENP,25.22029,-80.65936,0,0,0,0,0,0,0,0,55,0,0,0,0,0,0,0,0,20,0,0,0,0,0,0,75,0,0
-80.6842800009999,25.22697,155,2013,Lower Taylor Slough (Colony 18),ENP,25.22697,-80.68428,0,0,0,0,0,0,0,0,0,0,0,0,0,0,0,0,0,0,0,0,50,0,0,0,50,0,0
-80.93772,25.46781,156,2013,Otter Creek,ENP,25.46781,-80.93772,0,0,0,0,0,0,0,0,320,0,0,0,0,0,25,0,0,50,0,200,0,0,0,0,595,0,0
-80.803,25.2815,157,2013,Paurotis Pond,ENP,25.2815,-80.803,0,0,0,0,0,0,0,0,300,0,0,0,0,0,35,0,0,50,0,400,500,0,0,0,1285,0,0
-81.07026,25.55975,158,2013,Rodgers River Bay,ENP,25.55975,-81.07026,0,0,0,0,0,0,0,0,300,0,0,0,0,0,0,0,0,0,0,0,200,0,0,0,500,0,0
-80.85256,25.46356,159,2013,Rookery Branch,ENP,25.46356,-80.85256,0,0,0,0,0,0,0,0,300,0,0,0,0,0,0,0,0,100,0,300,150,0,0,0,850,0,0
-80.50801,25.75762,160,2013,Tamiami East1,ENP,25.75762,-80.50801,0,0,0,0,0,0,0,0,0,0,0,0,0,0,0,0,0,0,0,0,5,0,0,0,5,0,0
-80.52584,25.75994,161,2013,Tamiami East2,ENP,25.75994,-80.52584,0,0,0,0,0,0,0,0,0,0,0,0,0,0,0,0,0,0,0,0,0,0,0,0,0,0,0
-80.54484,25.75784,162,2013,Tamiami West,ENP,25.75784,-80.54484,0,0,0,0,0,0,0,0,700,0,0,0,0,0,0,0,0,0,0,4100,400,0,0,0,5200,0,0
-81.843570001,26.367370001,163,2013,619038c,Estero,26.36737,-81.84357,0,0,0,0,0,0,0,0,0,1,0,0,0,0,0,0,0,0,0,0,0,3,0,0,4,0,0
-81.84995,26.38286,164,2013,Big Bird Island,Estero,26.38286,-81.84995,0,0,0,0,0,0,0,0,0,0,0,0,0,0,0,0,0,0,1,0,0,0,0,0,1,0,0
-81.90066,26.431549999,165,2013,Big Carlos Pass M-43,Estero,26.43155,-81.90066,0,0,0,0,0,0,1,0,0,0,0,0,0,0,0,0,0,0,0,0,0,3,0,0,4,0,0
-81.9005,26.42771,166,2013,Big Carlos Pass M-48,Estero,26.42771,-81.9005,0,0,0,0,0,0,1,0,0,2,0,0,0,0,0,0,0,0,0,0,0,1,0,0,4,0,0
-81.89527,26.4224399990001,167,2013,Big Carlos Pass M-50&52,Estero,26.42244,-81.89527,0,0,1,0,0,1,0,0,0,0,0,0,0,0,0,0,0,0,0,0,0,5,0,0,7,0,0
-81.89852,26.42672,168,2013,Big Carlos Pass S of M-48,Estero,26.42672,-81.89852,0,0,0,0,0,0,0,0,0,0,0,0,0,0,0,0,0,0,0,0,0,0,0,0,0,0,0
-81.9013699989999,26.42926,169,2013,Big Carlos Pass W of M-46,Estero,26.42926,-81.90137,0,0,0,0,0,0,1,0,0,0,0,0,0,0,0,0,0,0,0,0,0,1,0,0,2,0,0
-81.89359,26.42469,170,2013,Big Carlos Pass W of M-52,Estero,26.42469,-81.89359,0,0,6,20,0,9,5,0,16,0,2,0,0,4,0,0,0,9,9,0,0,0,0,0,80,0,0
-81.84164,26.353149999,171,2013,Big Hickory E of M-85,Estero,26.35315,-81.84164,0,0,0,0,0,5,12,0,9,0,0,0,0,1,0,0,0,0,0,0,0,0,0,0,27,0,0
-81.84388,26.35057,172,2013,Big Hickory M-83,Estero,26.35057,-81.84388,0,0,0,0,0,0,1,0,0,0,0,0,0,0,0,0,0,0,0,0,0,1,0,0,2,0,0
-81.84658,26.36766,173,2013,Big Hickory M-49 2NW,Estero,26.36766,-81.84658,0,0,0,0,0,0,0,0,0,0,0,0,0,0,0,0,0,0,0,0,0,0,0,0,0,0,0
-81.84698,26.36831,174,2013,Big Hickory M-49 3NW,Estero,26.36831,-81.84698,0,0,0,0,0,0,0,0,0,0,0,0,0,0,0,0,0,0,0,0,0,0,0,0,0,0,0
-81.84905,26.38411,175,2013,Coconut Point East,Estero,26.38411,-81.84905,0,0,0,28,0,18,7,0,7,0,0,0,0,0,0,0,0,0,0,0,0,0,0,0,60,0,0
-81.84976,26.38111,176,2013,Coconut Point West,Estero,26.38111,-81.84976,0,0,0,0,0,0,0,0,0,0,0,0,0,0,0,0,0,0,0,0,0,0,0,0,0,0,0
-81.84644,26.34988,177,2013,Hogue Channel M-78,Estero,26.34988,-81.84644,0,0,3,0,0,0,1,0,0,0,0,0,0,0,0,0,0,0,0,0,0,5,0,0,9,0,0
-81.957169999,26.4609199990001,178,2013,Matanzas Pass,Estero,26.46092,-81.95717,0,0,1,61,0,12,10,0,9,0,12,0,0,4,0,0,0,17,39,0,0,1,0,0,166,0,0
-81.85925,26.38865,179,2013,New Pass M-21,Estero,26.38865,-81.85925,0,0,0,0,0,0,1,0,0,0,0,0,0,0,0,0,0,0,0,0,0,0,0,0,1,0,0
-81.8681599989999,26.404650001,180,2013,New Pass M-9,Estero,26.40465,-81.86816,0,0,0,0,0,6,4,0,0,0,0,0,0,0,0,0,0,0,0,0,0,0,0,0,10,0,0
-81.85486,26.41131,181,2013,North Coconut E of M-3,Estero,26.41131,-81.85486,0,0,1,0,0,0,7,0,7,0,2,0,0,0,0,0,0,6,0,0,0,1,0,0,24,0,0
-81.85998,26.40737,182,2013,North Coconut M-4,Estero,26.40737,-81.85998,0,0,0,0,0,0,1,0,0,0,0,0,0,0,0,0,0,0,0,0,0,0,0,0,1,0,0
-81.85302,26.40783,183,2013,Ruth's Island,Estero,26.40783,-81.85302,0,0,0,0,0,0,3,0,0,0,0,0,0,0,0,0,0,0,0,0,0,0,0,0,3,0,0
-81.184199999,28.3785,184,2013,Bird Island,Kissimmee,28.3785,-81.1842,0,0,0,0,100,0,0,0,376,0,0,0,0,0,0,50,0,0,0,566,132,0,0,0,1224,0,0
-81.1073,28.241,185,2013,Lake Conlin,Kissimmee,28.241,-81.1073,0,0,0,0,0,0,1,0,0,0,0,0,0,0,0,0,0,0,0,0,40,0,0,0,41,0,0
-81.254299999,27.9395,186,2013,Rabbit Island,Kissimmee,27.9395,-81.2543,0,0,5,0,675,0,35,5,135,0,0,0,0,0,0,36,0,7,0,95,0,0,0,0,993,0,0
-81.251200001,27.8078,187,2013,Melaleuca Island,Kissimmee,27.8078,-81.2512,0,0,0,0,0,0,4,0,2,0,0,0,0,0,0,0,0,0,0,0,0,0,0,0,6,0,0
-81.185699999,27.7747,188,2013,River Ranch Island,Kissimmee,27.7747,-81.1857,0,0,0,0,0,0,1,0,15,0,0,0,0,0,0,0,0,0,0,0,0,0,0,0,16,0,0
-81.001299999,27.59,189,2013,Seven Mile Slough,Kissimmee,27.59,-81.0013,0,0,0,0,0,0,12,0,12,0,0,0,0,0,0,0,0,0,0,0,0,0,0,0,24,0,0
-81.0305,27.3176,190,2013,S-65C boat ramp,Kissimmee,27.3176,-81.0305,0,0,0,0,599,0,0,0,0,0,0,0,0,0,0,0,0,0,0,0,0,0,0,0,599,0,0
-81.1136,27.3993,191,2013,S-65C structure,Kissimmee,27.3993,-81.1136,0,0,0,0,0,0,0,0,4,0,0,0,0,0,0,0,0,0,0,0,0,0,0,0,4,0,0
-80.9812000009999,27.380300001,192,2013,Chandler Slough,Kissimmee,27.3803,-80.9812,0,0,0,0,0,0,7,0,16,0,0,0,0,0,0,0,0,0,0,0,0,0,0,0,23,0,0
-81.093,27.3595,193,2013,Orange Grove,Kissimmee,27.3595,-81.093,0,0,0,0,0,0,18,0,1,0,0,0,0,0,0,0,0,0,0,0,0,0,0,0,19,0,0
-81.1136,27.3993,194,2013,Bumblebee Island,Kissimmee,27.3993,-81.1136,0,0,0,0,250,0,55,0,343,0,0,0,0,0,0,0,0,0,0,0,0,0,0,0,648,0,0
-80.90157,26.779650001,195,2013,Clewiston Mid,Lake Okeechobee,26.77965,-80.90157,0,0,0,0,0,0,0,0,0,0,0,0,0,0,0,0,0,25,0,0,0,0,0,0,25,0,0
-80.8985000009999,26.78091,196,2013,Clewiston Out,Lake Okeechobee,26.78091,-80.8985,0,0,0,0,0,0,0,0,17,0,0,0,0,0,0,0,0,26,39,0,0,0,0,0,82,0,0
-80.909140001,26.77658,197,2013,Clewiston Spit,Lake Okeechobee,26.77658,-80.90914,0,0,0,0,0,0,1,0,50,0,0,0,0,0,0,0,0,50,0,0,0,0,0,0,101,0,0
-80.8308,27.1798699990001,198,2013,Eagle Bay East,Lake Okeechobee,27.17987,-80.8308,0,0,0,0,800,0,10,200,25,0,0,0,0,0,0,0,0,300,100,400,0,0,0,0,1835,0,0
-80.830560001,27.18659,199,2013,Eagle Bay Trail,Lake Okeechobee,27.18659,-80.83056,0,0,0,0,200,0,1,0,0,0,0,0,0,0,0,0,0,25,20,0,0,0,0,0,246,0,0
-81.06084,27.0227799990001,200,2013,Gator Farm,Lake Okeechobee,27.02278,-81.06084,0,0,0,0,350,0,0,0,150,0,0,0,0,0,0,0,0,350,0,0,0,0,0,0,850,0,0
-80.886130001,27.08526,201,2013,Indian Prairie 1,Lake Okeechobee,27.08526,-80.88613,10,0,0,0,0,0,0,0,0,0,0,0,0,0,0,0,0,0,0,0,0,0,0,0,10,0,0
-81.1144,26.9726,202,2013,Lakeport Marina,Lake Okeechobee,26.9726,-81.1144,3,0,0,0,500,0,1,0,200,0,1,0,0,0,0,0,0,200,5,0,0,0,0,0,910,0,0
-80.99579,26.81906,203,2013,Liberty Point 2,Lake Okeechobee,26.81906,-80.99579,20,0,0,0,0,0,3,100,750,0,400,0,0,0,0,0,0,925,200,1050,0,0,0,0,3448,0,0
-80.84222,26.721390001,204,2013,Little Bear Beach,Lake Okeechobee,26.72139,-80.84222,0,0,0,0,0,0,0,0,50,0,0,0,0,0,0,0,0,200,75,0,0,0,0,0,325,0,0
-81.09644,26.88641,205,2013,Moore Haven,Lake Okeechobee,26.88641,-81.09644,0,0,0,0,0,0,0,0,50,0,0,0,0,0,0,0,0,10,0,50,0,0,0,0,110,0,0
-81.05337,26.89336,206,2013,Moore Haven East 4,Lake Okeechobee,26.89336,-81.05337,25,0,0,0,0,0,0,100,300,0,0,0,0,0,2,0,0,800,300,900,0,0,0,0,2427,0,0
-81.742879999,26.0286799990001,207,2013,Rookery Bay,Southwest Coast,26.02868,-81.74288,0,0,0,0,0,0,0,0,5,0,0,0,0,0,0,0,0,1,1,0,0,0,0,0,7,0,0
-81.70387,25.95648,208,2013,Marco (ABC),Southwest Coast,25.95648,-81.70387,0,0,0,0,15,0,10,0,106,0,2,0,0,4,0,0,0,15,20,0,0,0,0,0,172,0,0
-81.73142,25.90933,209,2013,Smokehouse Key,Southwest Coast,25.90933,-81.73142,0,0,0,0,0,0,0,0,1,0,0,0,0,0,0,0,0,7,0,0,0,0,0,0,8,0,0
-81.41183,25.84723,210,2013,Chokoloslee Bay,Southwest Coast,25.84723,-81.41183,0,0,0,0,0,0,0,0,0,0,0,0,0,0,0,0,0,0,0,0,0,0,0,0,0,0,0
-80.141956001,26.778394,211,2013,SWA Rookery,SWA,26.778394,-80.141956,310,0,0,0,283,0,0,0,34,0,3,0,0,0,2,0,0,0,25,465,413,0,403,0,1938,0,0
-80.22533,26.49511,212,2013,Lox Ramp,WCA1,26.49511,-80.22533,0,0,0,0,0,0,0,0,116,0,0,0,0,0,0,0,0,0,0,800,0,0,0,0,916,0,0
-80.26712,26.4911700010001,213,2013,Weldon,WCA1,26.49117,-80.26712,0,0,0,0,0,0,0,0,74,0,0,0,0,0,0,0,0,0,0,0,0,0,0,0,74,0,0
-80.24032,26.45857,214,2013,Newcol 2,WCA1,26.45857,-80.24032,0,0,0,0,0,0,0,0,268,0,0,0,0,0,0,0,0,0,0,0,0,0,0,0,268,0,0
-80.39053,26.43822,215,2013,Lox 99,WCA1,26.43822,-80.39053,0,0,0,0,0,0,0,0,302,0,0,0,0,0,0,0,0,0,0,4000,0,0,119,0,4421,0,0
-80.31035,26.37197,216,2013,Utu,WCA1,26.37197,-80.31035,0,0,0,0,0,0,0,0,50,0,0,0,0,0,0,0,0,0,0,0,0,0,0,0,50,0,0
-80.26597,26.371870001,217,2013,Tyger,WCA1,26.37187,-80.26597,0,0,0,0,0,0,0,0,140,0,0,0,0,0,0,0,0,0,0,561,0,0,35,0,736,0,0
-80.2487100009999,26.55993,218,2013,186,WCA1,26.55993,-80.24871,0,0,0,0,0,0,0,0,50,0,0,0,0,0,0,0,0,0,0,179,0,0,0,0,229,0,0
-80.3102,26.2371,219,2013,New 1 18 May,WCA2,26.2371,-80.3102,0,0,0,0,0,0,0,0,183,0,0,0,0,0,0,0,0,0,0,0,0,0,0,0,183,0,0
-80.5287,26.20132,220,2013,Alley North,WCA3,26.20132,-80.5287,0,0,0,0,0,0,0,0,1342,0,0,0,0,0,20,0,0,0,0,8000,0,0,497,0,9859,0,0
-80.541500001,26.12428,221,2013,6th Bridge,WCA3,26.12428,-80.5415,0,0,0,0,0,0,0,0,500,0,0,0,0,0,37,0,0,0,0,0,0,0,0,0,537,0,0
-80.5044,26.12408,222,2013,Cypress City,WCA3,26.12408,-80.5044,0,0,0,0,0,0,0,0,131,0,0,0,0,0,0,0,0,0,0,0,0,0,0,0,131,0,0
-80.4979999989999,26.10715,223,2013,Nanse,WCA3,26.10715,-80.498,0,0,0,0,0,0,0,0,219,0,0,0,0,0,0,0,0,0,0,0,0,0,0,0,219,0,0
-80.5627,26.015569999,224,2013,Jupiter,WCA3,26.01557,-80.5627,0,0,0,0,0,0,0,0,141,0,0,0,0,0,0,0,0,0,0,0,0,0,0,0,141,0,0
-80.6323,26.012299999,225,2013,Joule,WCA3,26.0123,-80.6323,0,0,0,0,0,0,0,0,180,0,0,0,0,0,0,0,0,0,0,0,0,0,0,0,180,0,0
-80.5951000009999,26.00012,226,2013,Jerrod,WCA3,26.00012,-80.5951,0,0,0,0,0,0,0,0,155,0,0,0,0,0,0,0,0,0,0,0,0,0,0,0,155,0,0
-80.5721,25.9605200010001,227,2013,L-67 (Horus),WCA3,25.96052,-80.5721,0,0,0,0,0,0,0,0,300,0,0,0,0,0,0,0,0,0,0,0,0,0,0,0,300,0,0
-80.6302,25.91565,228,2013,Vacation,WCA3,25.91565,-80.6302,0,0,0,0,0,0,0,0,255,0,0,0,0,0,0,0,0,0,0,0,0,0,0,0,255,0,0
-80.8387,25.86302,229,2013,Jetport,WCA3,25.86302,-80.8387,0,0,0,0,0,0,0,0,0,0,0,0,0,0,0,0,0,0,0,0,43,0,0,0,43,0,0
-80.8398,25.81913,230,2013,Henry,WCA3,25.81913,-80.8398,0,0,0,0,0,0,0,0,50,0,0,0,0,0,0,0,0,0,0,0,0,0,0,0,50,0,0
-80.849,25.8051,231,2013,Jetport South,WCA3,25.8051,-80.849,0,0,0,0,0,0,0,0,253,0,0,0,0,0,0,0,0,0,0,0,463,0,0,0,716,0,0
-80.49,25.80133,232,2013,3B Mud East,WCA3,25.80133,-80.49,0,0,0,0,0,0,0,0,66,0,0,0,0,0,0,0,0,0,0,0,0,0,0,0,66,0,0
-80.8372,25.77353,233,2013,Hidden,WCA3,25.77353,-80.8372,0,0,0,0,0,0,0,0,65,0,0,0,0,0,0,0,0,0,0,0,0,0,0,0,65,0,0
-80.8334,25.77328,234,2013,163,WCA3,25.77328,-80.8334,0,0,0,0,0,0,0,0,0,0,0,0,0,0,0,0,0,0,0,2086,0,0,0,0,2086,0,0
-81.616417,26.375033,235,2014,Corkscrew Swamp,Corkscrew,26.375033,-81.616417,0,0,0,0,0,0,0,0,12,0,0,0,0,0,0,0,0,0,0,0,270,0,0,0,282,0,0
-81.83015,26.688867,236,2014,Lenore Island,Corkscrew,26.688867,-81.83015,0,0,0,0,0,0,39,0,2,0,0,0,0,0,0,1,11,0,0,0,140,0,0,0,193,0,0
-81.794949999,26.696583,237,2014,Caloosahatchee East,Corkscrew,26.696583,-81.79495,0,0,0,0,0,0,0,0,13,0,0,0,0,0,0,1,0,0,0,0,0,0,0,0,14,0,0
-81.272717,26.370383,238,2014,Collier-Hendry Line,Corkscrew,26.370383,-81.272717,0,0,0,0,0,0,0,0,0,0,0,0,0,0,0,0,0,0,0,0,0,0,0,0,0,0,0
-81.343883,26.27305,239,2014,Barron Collier 29,Corkscrew,26.27305,-81.343883,0,0,0,0,0,0,0,0,40,0,0,0,0,0,0,8,18,0,0,0,68,0,0,0,134,0,0
-82.0896999989999,26.6742,240,2014,Bird Rookery Keys,Ding Darling,26.6742,-82.0897,0,0,0,0,0,0,0,0,0,0,0,0,0,0,0,0,0,0,0,0,0,0,0,0,0,0,0
-82.1124,26.4977000010001,241,2014,Bodifer Key,Ding Darling,26.4977,-82.1124,1,0,0,17,1,2,1,0,1,0,0,0,0,1,0,0,0,4,11,0,0,0,0,0,39,0,0
-82.194,26.6777,242,2014,Broken Islands,Ding Darling,26.6777,-82.194,0,0,0,36,1,77,2,0,1,0,3,0,0,2,0,0,0,3,6,10,0,0,0,0,141,0,0
-82.0669,26.7624999990001,243,2014,Burnt Store Marina N,Ding Darling,26.7625,-82.0669,0,0,0,0,0,0,2,0,0,0,0,0,0,0,0,0,0,0,0,0,0,1,0,0,3,0,0
-82.066,26.7611,244,2014,Burnt Store Marina S,Ding Darling,26.7611,-82.066,0,0,1,0,0,0,0,0,0,0,0,0,0,0,0,0,0,0,0,0,0,4,0,0,5,0,0
-82.1128,26.5063,245,2014,Clam Key,Ding Darling,26.5063,-82.1128,0,0,0,7,0,4,2,0,0,0,0,0,0,1,0,0,0,0,0,0,0,0,0,0,14,0,0
-82.1273,26.5742,246,2014,Cork Island,Ding Darling,26.5742,-82.1273,0,0,0,0,0,0,0,0,0,1,0,0,0,0,0,0,0,0,0,0,0,0,0,0,1,0,0
-82.0639,26.5979,247,2014,Crescent Island,Ding Darling,26.5979,-82.0639,0,0,0,0,0,0,0,0,0,0,0,0,0,0,0,0,0,0,0,0,0,0,0,0,0,0,0
-82.351099999,26.9289,248,2014,E. of Chadwick Cove,Ding Darling,26.9289,-82.3511,0,0,0,0,0,6,12,0,6,0,0,0,0,0,0,0,0,2,0,0,0,0,0,0,26,0,0
-82.1245,26.5467,249,2014,Fish Hut Island,Ding Darling,26.5467,-82.1245,1,0,0,0,1,20,0,0,2,0,0,0,0,2,0,0,0,3,5,0,0,0,0,0,34,0,0
-82.2625,26.8269000010001,250,2014,Gasparilla Marina S,Ding Darling,26.8269,-82.2625,0,0,0,16,0,7,1,0,4,1,0,0,0,4,0,0,0,6,5,0,0,0,0,0,44,0,0
-82.0553,26.514500001,251,2014,Givney Key,Ding Darling,26.5145,-82.0553,1,0,0,9,0,20,6,0,0,0,0,0,0,0,0,0,0,0,0,0,0,0,0,0,36,0,0
-82.1532,26.5999,252,2014,Hemp Key,Ding Darling,26.5999,-82.1532,0,0,0,29,0,149,19,0,29,0,1,0,0,0,0,0,0,1,0,0,0,0,0,0,228,0,0
-82.0526,26.6015,253,2014,Limpkin Island,Ding Darling,26.6015,-82.0526,0,0,0,0,0,0,0,0,0,0,0,0,0,0,0,0,0,0,0,0,0,0,0,0,0,0,0
-82.033,26.5125,254,2014,Lower Bird Island,Ding Darling,26.5125,-82.033,0,0,0,0,0,0,0,0,0,0,0,0,0,0,0,0,0,0,0,0,0,0,0,0,0,0,0
-82.0749,26.5666,255,2014,Masters Landing,Ding Darling,26.5666,-82.0749,0,0,0,0,0,0,0,0,0,0,0,0,0,0,0,0,0,0,0,0,0,0,0,0,0,0,0
-82.1218999989999,26.5581,256,2014,N. of Mason Island,Ding Darling,26.5581,-82.1219,0,0,0,0,0,0,0,0,0,1,0,0,0,0,0,0,0,0,0,0,0,0,0,0,1,0,0
-82.104300001,26.4945,257,2014,N. of York Island,Ding Darling,26.4945,-82.1043,2,0,0,9,0,16,2,0,0,0,0,0,0,0,0,0,0,0,4,0,0,0,0,0,33,0,0
-82.1227,26.5422,258,2014,N. Regla,Ding Darling,26.5422,-82.1227,0,0,0,0,0,0,0,0,0,0,0,0,0,0,0,0,0,0,0,0,0,0,0,0,0,0,0
-82.122499999,26.0,259,2014,N. of Big Smokehouse,Ding Darling,26,-82.1225,0,0,0,0,0,0,0,0,0,0,0,0,0,0,0,0,0,0,0,0,0,0,0,0,0,0,0
-82.1021,26.494,260,2014,NE. of York Island,Ding Darling,26.494,-82.1021,0,0,0,7,0,2,0,0,0,0,0,0,0,0,0,0,0,0,3,0,0,0,0,0,12,0,0
-82.125,26.5543,261,2014,NW of Mason Island,Ding Darling,26.5543,-82.125,0,0,0,0,0,14,0,0,0,0,0,0,0,0,0,0,0,0,0,0,0,0,0,0,14,0,0
-82.1279,26.566,262,2014,NW. of Pumpkin Key,Ding Darling,26.566,-82.1279,0,0,0,0,0,0,2,0,0,0,0,0,0,1,0,0,0,0,1,0,0,0,0,0,4,0,0
-82.0597,26.8052,263,2014,Pirate Harbor N,Ding Darling,26.8052,-82.0597,5,0,2,0,7,7,6,0,13,0,0,0,0,0,0,0,0,10,3,0,0,0,0,0,53,0,0
-82.0565,26.8037,264,2014,Pirate Harbor SE,Ding Darling,26.8037,-82.0565,4,0,2,9,13,29,3,0,0,0,1,0,0,0,0,0,0,4,5,0,0,2,0,0,72,0,0
-82.025,26.5104,265,2014,Skimmer Island,Ding Darling,26.5104,-82.025,0,0,1,0,0,2,0,0,0,0,0,0,0,0,0,0,0,0,1,6,0,0,0,0,10,0,0
-82.125,26.5534,266,2014,SW. of Mason Island,Ding Darling,26.5534,-82.125,2,0,0,0,0,8,2,0,0,0,0,0,0,0,0,0,0,0,0,0,0,0,0,0,12,0,0
-82.127500001,26.564,267,2014,SW. of Pumpkin Key,Ding Darling,26.564,-82.1275,0,0,0,0,0,0,0,0,0,1,0,0,0,0,0,0,0,0,0,0,0,0,0,0,1,0,0
-82.074399999,26.4577,268,2014,Tarpon Bay Keys,Ding Darling,26.4577,-82.0744,0,0,0,10,0,13,1,0,2,0,0,0,0,2,0,0,0,7,4,0,0,1,0,0,40,0,0
-82.0714,26.5592,269,2014,Upper Bird Island,Ding Darling,26.5592,-82.0714,0,0,0,3,0,7,4,0,1,0,0,0,0,0,0,0,0,0,0,0,0,0,0,0,15,0,0
-82.213399999,26.6512999990001,270,2014,Useppa Oyster Bar,Ding Darling,26.6513,-82.2134,0,0,0,53,0,69,1,0,0,0,0,0,0,0,0,0,0,0,0,0,0,0,0,0,123,0,0
-82.2463,26.7904999990001,271,2014,White Pelican Island,Ding Darling,26.7905,-82.2463,0,0,0,0,0,31,7,0,2,0,0,0,0,3,0,0,0,6,0,0,0,1,0,0,50,0,0
-81.14714,25.67099,272,2014,Alligator Bay,ENP,25.67099,-81.14714,0,0,0,0,0,0,0,0,45,0,0,0,0,0,0,0,0,25,0,350,0,0,0,0,420,0,0
-81.12668,25.66581,273,2014,Big Boy Lake (new 2014),ENP,25.66581,-81.12668,0,0,0,0,0,0,0,0,5,0,0,0,0,0,0,0,0,0,0,200,0,0,0,0,205,0,0
-80.974399999,25.50292,274,2014,Broad River,ENP,25.50292,-80.9744,0,0,0,0,0,0,0,0,70,0,0,0,0,0,0,0,0,50,0,300,300,0,0,0,720,0,0
-81.05612,25.62,275,2014,Cabbage Bay,ENP,25.62,-81.05612,0,0,0,0,0,0,0,0,115,0,0,0,0,0,10,0,0,75,0,300,60,0,0,0,560,0,0
-80.78156,25.5459299990001,276,2014,Colony 14a,ENP,25.54593,-80.78156,0,0,0,0,0,0,0,0,15,0,0,0,0,0,0,0,0,40,0,0,0,0,0,0,55,0,0
-80.775,25.20933,277,2014,Cuthbert Lake,ENP,25.20933,-80.775,0,0,0,0,0,0,0,0,50,0,0,0,0,0,0,0,0,0,0,0,130,0,0,0,180,0,0
-80.65275,25.63627,278,2014,Grossman Ridge West,ENP,25.63627,-80.65275,0,0,0,0,0,0,0,0,100,0,0,0,0,0,0,0,0,10,0,0,50,0,0,0,160,0,0
-80.64582,25.62613,279,2014,Grossman Ridge Willowhead,ENP,25.62613,-80.64582,0,0,0,0,0,0,0,0,10,0,0,0,0,0,0,0,0,0,0,0,0,0,0,0,10,0,0
-80.97204,25.587230001,280,2014,Lostmans Creek,ENP,25.58723,-80.97204,0,0,0,0,0,0,0,0,75,0,0,0,0,0,0,0,0,0,0,400,40,0,0,0,515,0,0
-80.65945,25.21932,281,2014,Lower Taylor Slough (Madeira),ENP,25.21932,-80.65945,0,0,0,0,0,0,0,0,30,0,0,0,0,0,0,0,0,50,0,0,0,0,0,0,80,0,0
-80.645659999,25.32316,282,2014,Madeira Ditches,ENP,25.32316,-80.64566,0,0,0,0,0,0,0,0,0,0,0,0,0,0,0,0,0,0,0,0,0,0,0,0,0,0,0
-80.937719999,25.4678,283,2014,Otter Creek,ENP,25.4678,-80.93772,0,0,0,0,0,0,0,0,150,0,0,0,0,0,0,0,0,75,0,600,0,0,0,0,825,0,0
-80.803,25.2815,284,2014,Paurotis Pond,ENP,25.2815,-80.803,0,0,0,0,0,0,0,0,110,0,0,0,0,0,0,0,0,0,0,100,270,0,0,0,480,0,0
-81.06984,25.5566699990001,285,2014,Rodgers River Bay Large Island,ENP,25.55667,-81.06984,0,0,0,0,0,0,0,0,70,0,0,0,0,0,0,0,0,10,0,0,110,0,0,0,190,0,0
-80.85256,25.46356,286,2014,Rookery Branch,ENP,25.46356,-80.85256,0,0,0,0,0,0,0,0,150,0,0,0,0,0,0,0,0,20,0,600,0,0,0,0,770,0,0
-80.50801,25.75762,287,2014,Tamiami East 1,ENP,25.75762,-80.50801,0,0,0,0,0,0,0,0,1,0,0,0,0,0,0,0,0,0,0,0,0,0,0,0,1,0,0
-80.545020001,25.75745,288,2014,Tamiami West,ENP,25.75745,-80.54502,0,0,0,0,0,0,0,0,200,0,0,0,0,0,0,0,0,300,0,400,300,0,0,0,1200,0,0
-80.70021,25.61001,289,2014,UF5,ENP,25.61001,-80.70021,0,0,0,0,0,0,0,0,33,0,0,0,0,0,0,0,0,15,0,0,0,0,0,0,48,0,0
-80.84016,25.55478,290,2014,UF6,ENP,25.55478,-80.84016,0,0,0,0,0,0,0,0,10,0,0,0,0,0,0,0,0,20,0,0,0,0,0,0,30,0,0
-80.91387,25.73651,291,2014,Unnamed1_2014,ENP,25.73651,-80.91387,0,0,0,0,0,0,0,0,15,0,0,0,0,0,0,0,0,0,0,0,0,0,0,0,15,0,0
-80.695250001,25.68756,292,2014,Unnamed2_2014,ENP,25.68756,-80.69525,0,0,0,0,0,0,0,0,7,0,0,0,0,0,0,0,0,0,0,0,0,0,0,0,7,0,0
-80.98875,25.63144,293,2014,WP440,ENP,25.63144,-80.98875,0,0,0,0,0,0,0,0,15,0,0,0,0,0,0,0,0,0,0,0,0,0,0,0,15,0,0
-81.843570001,26.367370001,294,2014,619038c,Estero Bay,26.36737,-81.84357,0,0,0,0,0,0,0,0,0,0,0,0,0,0,0,0,0,0,0,0,0,4,0,0,4,0,0
-81.84995,26.38286,295,2014,Big Bird Island,Estero Bay,26.38286,-81.84995,0,0,0,0,0,0,1,0,0,0,0,0,0,0,0,0,0,0,0,0,0,0,0,0,1,0,0
-81.90066,26.431549999,296,2014,Big Carlos Pass M-43,Estero Bay,26.43155,-81.90066,0,0,0,0,0,0,0,0,0,0,0,0,0,0,0,0,0,0,3,0,0,4,0,0,7,0,0
-81.9005,26.42771,297,2014,Big Carlos Pass M-48,Estero Bay,26.42771,-81.9005,0,0,0,0,0,0,0,0,0,0,0,0,0,0,0,0,0,0,0,0,0,0,0,0,0,0,0
-81.89527,26.4224399990001,298,2014,Big Carlos Pass M-50&52,Estero Bay,26.42244,-81.89527,0,0,0,0,0,1,0,0,0,0,0,0,0,0,0,0,0,0,0,0,0,5,0,0,6,0,0
-81.89852,26.42672,299,2014,Big Carlos Pass S of M-48,Estero Bay,26.42672,-81.89852,0,0,0,0,0,0,0,0,0,0,0,0,0,0,0,0,0,0,0,0,0,0,0,0,0,0,0
-81.9013699989999,26.42926,300,2014,Big Carlos Pass W of M-46,Estero Bay,26.42926,-81.90137,0,0,0,0,0,0,1,0,0,1,0,0,0,0,0,0,0,0,0,0,0,0,0,0,2,0,0
-81.89359,26.42469,301,2014,Big Carlos Pass W of M-52,Estero Bay,26.42469,-81.89359,0,0,2,16,0,8,6,0,16,0,4,0,0,3,0,0,0,5,8,0,0,0,0,0,68,0,0
-81.84164,26.353149999,302,2014,Big Hickory E of M-85,Estero Bay,26.35315,-81.84164,0,0,0,0,0,10,9,0,1,0,1,0,0,0,0,0,0,2,0,0,0,0,0,0,23,0,0
-81.84388,26.35057,303,2014,Big Hickory M-83,Estero Bay,26.35057,-81.84388,0,0,0,0,0,0,0,0,0,0,0,0,0,0,0,0,0,0,0,0,0,1,0,0,1,0,0
-81.84658,26.36766,304,2014,Big Hickory M-49 2NW,Estero Bay,26.36766,-81.84658,0,0,0,0,0,0,0,0,0,0,0,0,0,0,0,0,0,0,0,0,0,0,0,0,0,0,0
-81.84698,26.36831,305,2014,Big Hickory M-49 3NW,Estero Bay,26.36831,-81.84698,0,0,0,0,0,0,0,0,0,0,0,0,0,0,0,0,0,0,0,0,0,0,0,0,0,0,0
-81.84905,26.38411,306,2014,Coconut Point East,Estero Bay,26.38411,-81.84905,0,0,0,28,0,19,8,0,6,0,0,0,0,0,0,0,0,1,0,0,0,0,0,0,62,0,0
-81.84976,26.38111,307,2014,Coconut Point West,Estero Bay,26.38111,-81.84976,0,0,0,0,0,0,0,0,0,0,0,0,0,0,0,0,0,0,0,0,0,0,0,0,0,0,0
-81.86728,26.43772,308,2014,Denegre Key,Estero Bay,26.43772,-81.86728,0,0,0,0,0,0,5,0,0,3,0,0,0,0,0,0,0,0,0,0,0,1,0,0,9,0,0
-81.86091,26.43653,309,2014,Estero River North,Estero Bay,26.43653,-81.86091,0,0,0,0,0,0,0,0,0,4,0,0,0,0,0,0,0,1,0,0,0,8,0,0,13,0,0
-81.86211,26.43416,310,2014,Estero River South,Estero Bay,26.43416,-81.86211,0,0,0,0,0,0,0,0,0,1,0,0,0,0,0,0,0,0,0,0,0,2,0,0,3,0,0
-81.84644,26.34988,311,2014,Hogue Channel M-78,Estero Bay,26.34988,-81.84644,0,0,1,0,0,1,1,0,0,0,0,0,0,0,0,0,0,0,0,0,0,4,0,0,7,0,0
-81.957169999,26.4609199990001,312,2014,Matanzas Pass,Estero Bay,26.46092,-81.95717,0,0,2,38,0,15,15,0,5,0,15,0,0,4,0,0,0,12,13,0,0,0,0,0,119,0,0
-81.85925,26.38865,313,2014,New Pass M-21,Estero Bay,26.38865,-81.85925,0,0,0,0,0,0,1,0,0,0,0,0,0,0,0,0,0,0,0,0,0,0,0,0,1,0,0
-81.8681599989999,26.404650001,314,2014,New Pass M-9,Estero Bay,26.40465,-81.86816,0,0,0,0,0,2,3,0,0,0,0,0,0,0,0,0,0,0,0,0,0,0,0,0,5,0,0
-81.85486,26.41131,315,2014,North Coconut E of M-3,Estero Bay,26.41131,-81.85486,0,0,1,0,0,0,4,0,3,0,0,0,0,0,0,0,0,5,0,0,0,0,0,0,13,0,0
-81.85998,26.40737,316,2014,North Coconut M-4,Estero Bay,26.40737,-81.85998,0,0,0,0,0,0,3,0,0,0,0,0,0,0,0,0,0,0,0,0,0,0,0,0,3,0,0
-81.85302,26.40783,317,2014,Ruth's Island,Estero Bay,26.40783,-81.85302,0,0,0,0,0,0,2,0,0,1,0,0,0,0,0,0,0,0,0,0,0,0,0,0,3,0,0
-81.3592,27.5448,318,2014,Arbuckle Creek,Kissimmee,27.5448,-81.3592,0,0,0,0,0,0,5,0,18,0,0,0,0,0,0,0,0,0,0,0,0,0,0,0,23,0,0
-81.1136,27.3993,319,2014,Bumblebee Island,Kissimmee,27.3993,-81.1136,0,0,0,0,658,0,55,0,210,0,0,0,0,0,0,0,0,0,0,75,0,0,0,0,998,0,0
-81.1075,28.2412,320,2014,Cat Island,Kissimmee,28.2412,-81.1075,0,0,0,0,0,0,0,0,0,0,0,0,0,0,0,0,0,0,0,0,40,0,0,0,40,0,0
-80.9811,27.380300001,321,2014,Chandler Slough East,Kissimmee,27.3803,-80.9811,0,0,0,0,0,0,3,0,5,0,0,0,0,0,0,0,0,0,0,0,0,0,0,0,8,0,0
-81.3901,27.8034,322,2014,Indian Lake Estates,Kissimmee,27.8034,-81.3901,0,0,0,0,0,0,2,0,0,0,0,0,0,0,0,0,0,0,0,0,0,0,0,0,2,0,0
-81.376,27.6874,323,2014,Lake Arbuckle,Kissimmee,27.6874,-81.376,0,0,0,0,0,0,8,0,0,0,0,0,0,0,0,0,0,0,0,0,0,0,0,0,8,0,0
-81.037,27.8681000010001,324,2014,Lake Marian East,Kissimmee,27.8681,-81.037,0,0,0,0,0,0,3,0,0,0,0,0,0,0,0,0,0,0,0,0,0,0,0,0,3,0,0
-81.1028000009999,27.892500001,325,2014,Lake Marian North,Kissimmee,27.8925,-81.1028,0,0,0,0,0,0,28,0,0,0,0,0,0,0,0,0,0,0,0,0,0,0,0,0,28,0,0
-81.0536,27.862199999,326,2014,Lake Marian South,Kissimmee,27.8622,-81.0536,0,0,0,0,0,0,2,0,0,0,0,0,0,0,0,0,0,0,0,0,0,0,0,0,2,0,0
-81.1843,28.3789,327,2014,Lake Mary Jane,Kissimmee,28.3789,-81.1843,0,0,15,0,0,0,0,2,245,0,0,0,0,0,0,53,35,0,0,1254,188,0,0,0,1792,0,0
-81.421900001,27.91,328,2014,Lake Rosalie,Kissimmee,27.91,-81.4219,0,0,0,0,0,0,0,0,44,0,0,0,0,0,0,0,0,0,0,0,9,0,0,0,53,0,0
-81.4108,28.1251,329,2014,Lake Russel,Kissimmee,28.1251,-81.4108,0,0,0,0,0,0,0,0,2,0,0,0,0,0,0,0,0,0,0,0,45,0,0,0,47,0,0
-81.4222,27.8531,330,2014,Lakeshore (Fedhaven),Kissimmee,27.8531,-81.4222,0,0,0,0,0,0,9,0,0,0,0,0,0,0,0,0,0,0,0,0,0,0,0,0,9,0,0
-81.2511,27.8077,331,2014,Melaleuca Island,Kissimmee,27.8077,-81.2511,0,0,0,0,0,0,4,0,0,0,0,0,0,0,0,0,0,0,0,0,0,0,0,0,4,0,0
-81.093,27.3595,332,2014,Orange Grove NW,Kissimmee,27.3595,-81.093,0,0,0,0,0,0,15,0,1,0,0,0,0,0,0,0,0,0,0,0,0,0,0,0,16,0,0
-81.2203,27.7157,333,2014,Pool E Spoil Island,Kissimmee,27.7157,-81.2203,0,0,0,0,5,0,6,0,8,0,0,0,0,0,0,1,0,0,0,0,0,0,0,0,20,0,0
-81.2540999989999,27.9387,334,2014,Rabbit Island,Kissimmee,27.9387,-81.2541,0,0,0,0,85,0,75,0,186,0,0,0,0,0,0,0,15,0,0,157,0,0,0,0,518,0,0
-81.1858,27.7749,335,2014,River Ranch C-38 Island,Kissimmee,27.7749,-81.1858,0,0,0,0,0,0,3,0,25,0,0,0,0,0,0,0,0,0,0,0,0,0,0,0,28,0,0
-81.1136,27.3993,336,2014,S-65C Structure,Kissimmee,27.3993,-81.1136,0,0,0,0,0,0,0,0,2,0,0,0,0,0,0,0,0,0,0,0,0,0,0,0,2,0,0
-81.0011,27.5898,337,2014,Seven Mile Slough,Kissimmee,27.5898,-81.0011,0,0,0,0,0,0,4,0,7,0,0,0,0,0,0,0,0,0,0,0,0,0,0,0,11,0,0
-81.544,28.1002,338,2014,Twin Islands,Kissimmee,28.1002,-81.544,0,0,0,0,0,0,7,0,52,0,0,0,0,0,0,0,0,0,0,0,0,0,0,0,59,0,0
-80.90157,26.779650001,339,2014,Clewiston Mid,LakeOkeechobee,26.77965,-80.90157,0,0,0,0,0,0,0,0,0,0,0,0,0,0,0,0,0,75,75,0,0,0,0,0,150,0,0
-80.8985000009999,26.78091,340,2014,Clewiston Out,LakeOkeechobee,26.78091,-80.8985,0,0,0,0,0,0,0,0,50,0,0,0,0,0,0,0,0,30,0,0,0,0,0,0,80,0,0
-80.909140001,26.77658,341,2014,Clewiston Spit,LakeOkeechobee,26.77658,-80.90914,0,0,0,0,0,0,0,0,200,0,0,0,0,0,0,0,0,118,0,0,0,0,0,0,318,0,0
-80.8308,27.1798699990001,342,2014,Eagle Bay East,LakeOkeechobee,27.17987,-80.8308,0,0,0,0,200,0,2,100,0,0,50,0,0,0,0,0,0,250,50,200,0,0,0,0,852,0,0
-80.830560001,27.18659,343,2014,Eagle Bay Trail,LakeOkeechobee,27.18659,-80.83056,0,0,0,0,0,0,2,0,0,0,0,0,0,0,0,0,0,75,50,200,0,0,0,0,327,0,0
-81.06084,27.0227799990001,344,2014,Gator Farm,LakeOkeechobee,27.02278,-81.06084,0,0,0,0,400,0,0,0,300,0,0,0,0,0,0,0,0,0,0,0,0,0,0,0,700,0,0
-80.886130001,27.08526,345,2014,Indian Prairie 1,LakeOkeechobee,27.08526,-80.88613,0,0,0,0,0,0,0,0,20,0,0,0,0,0,0,0,0,0,0,0,0,0,0,0,20,0,0
-81.1144,26.9726,346,2014,Lakeport Marina,LakeOkeechobee,26.9726,-81.1144,0,0,0,0,300,0,0,0,100,0,0,0,0,0,0,0,0,0,0,0,0,0,0,0,400,0,0
-80.99579,26.81906,347,2014,Liberty Point 2,LakeOkeechobee,26.81906,-80.99579,0,0,0,0,0,0,25,0,550,0,0,0,0,0,0,0,0,100,25,100,0,0,0,0,800,0,0
-80.84222,26.721390001,348,2014,Little Bear Beach,LakeOkeechobee,26.72139,-80.84222,0,0,0,0,0,0,0,0,50,0,0,0,0,0,0,0,0,150,35,0,0,0,0,0,235,0,0
-81.09644,26.88641,349,2014,Moore Haven,LakeOkeechobee,26.88641,-81.09644,0,0,0,0,0,0,0,0,50,0,0,0,0,0,0,0,0,50,0,25,0,0,0,0,125,0,0
-81.05337,26.89336,350,2014,Moore Haven East 4,LakeOkeechobee,26.89336,-81.05337,0,0,0,0,0,0,25,25,100,0,0,0,0,0,0,0,0,100,50,50,0,0,0,0,350,0,0
-80.141984001,26.778393,351,2014,SWA,SWA,26.778393,-80.141984,199,0,0,0,188,0,0,0,15,0,0,0,0,0,14,0,0,29,12,292,304,0,137,0,1190,0,0
-80.39053,26.43822,352,2014,LOX 99,WCA-1,26.43822,-80.39053,0,0,0,0,0,0,0,0,500,0,0,0,0,0,0,0,0,0,0,3520,0,0,0,0,4020,0,0
-80.44268,26.55014,353,2014,LOX West,WCA-1,26.55014,-80.44268,0,0,0,0,0,0,0,0,330,0,0,0,0,0,0,0,0,0,0,1622,0,0,0,0,1952,0,0
-80.2762,26.5328,354,2014,New 4,WCA-1,26.5328,-80.2762,0,0,0,0,0,0,0,0,10,0,0,0,0,0,0,0,0,0,0,1500,15,0,0,0,1525,0,0
-80.22533,26.49511,355,2014,Lox Ramp,WCA-1,26.49511,-80.22533,0,0,0,0,0,0,0,0,170,0,0,0,0,0,0,0,0,0,0,254,0,0,0,0,424,0,0
-80.2487100009999,26.55993,356,2014,186,WCA-1,26.55993,-80.24871,0,0,0,0,0,0,0,0,200,0,0,0,0,0,0,0,0,107,0,0,0,0,0,0,307,0,0
-80.26597,26.371870001,357,2014,LOX 73,WCA-1,26.37187,-80.26597,0,0,0,0,0,0,0,0,217,0,0,0,0,0,0,0,0,0,0,0,0,0,0,0,217,0,0
-80.24032,26.45857,358,2014,New Colony 2,WCA-1,26.45857,-80.24032,0,0,0,0,0,0,0,0,140,0,0,0,0,0,0,0,0,0,0,0,0,0,0,0,140,0,0
-80.28352,26.55895,359,2014,194,WCA-1,26.55895,-80.28352,0,0,0,0,0,0,0,0,35,0,0,0,0,0,0,0,0,0,0,60,0,0,0,0,95,0,0
-80.32375,26.50985,360,2014,wats,WCA-1,26.50985,-80.32375,0,0,0,0,0,0,0,0,0,0,0,0,0,0,0,0,0,0,0,0,0,0,64,0,64,0,0
-80.32439,26.62441,361,2014,188,WCA-1,26.62441,-80.32439,0,0,0,0,0,0,0,0,60,0,0,0,0,0,0,0,0,0,0,0,0,0,0,0,60,0,0
-80.275509999,26.55607,362,2014,193,WCA-1,26.55607,-80.27551,0,0,0,0,0,0,0,0,60,0,0,0,0,0,0,0,0,0,0,0,0,0,0,0,60,0,0
-80.3128,26.237820001,363,2014,Rhea,WCA-2,26.23782,-80.3128,0,0,0,0,0,0,0,0,124,0,0,0,0,0,0,0,0,0,0,0,0,0,0,0,124,0,0
-80.52873,26.2013200010001,364,2014,Alley North,WCA-3A,26.20132,-80.52873,0,0,0,0,0,0,0,0,600,0,0,0,0,0,20,0,0,0,0,6000,0,0,0,0,6620,0,0
-80.54148,26.124280001,365,2014,6th Bridge,WCA-3A,26.12428,-80.54148,0,0,0,0,0,0,13,0,300,0,0,0,0,0,20,0,0,0,0,326,0,0,0,0,659,0,0
-80.84902,25.8051,366,2014,Jetport South,WCA-3A,25.8051,-80.84902,0,0,0,0,0,0,0,0,85,0,0,0,0,0,0,0,0,0,0,0,400,0,0,0,485,0,0
-80.572069999,25.96052,367,2014,Horus,WCA-3A,25.96052,-80.57207,0,0,0,0,0,0,0,0,250,0,0,0,0,0,0,0,0,0,0,0,0,0,0,0,250,0,0
-80.83469,25.7732799990001,368,2014,163,WCA-3A,25.77328,-80.83469,0,0,0,0,0,0,0,0,0,0,0,0,0,0,0,0,0,0,0,200,0,0,0,0,200,0,0
-80.63233,26.0123,369,2014,Joule,WCA-3A,26.0123,-80.63233,0,0,0,0,0,0,0,0,97,0,0,0,0,0,0,0,0,0,0,0,0,0,0,0,97,0,0
-80.59513,26.00012,370,2014,Jerrod,WCA-3A,26.00012,-80.59513,0,0,0,0,0,0,0,0,86,0,0,0,0,0,0,0,0,0,0,0,0,0,0,0,86,0,0
-80.504380001,26.12408,371,2014,Cypress City,WCA-3A,26.12408,-80.50438,0,0,0,0,0,0,0,0,84,0,0,0,0,0,0,0,0,0,0,0,0,0,0,0,84,0,0
-80.63022,25.91565,372,2014,Vacation,WCA-3A,25.91565,-80.63022,0,0,0,0,0,0,0,0,77,0,0,0,0,0,0,0,0,0,0,0,0,0,0,0,77,0,0
-80.49802,26.10715,373,2014,Andytown,WCA-3A,26.10715,-80.49802,0,0,0,0,0,0,0,0,74,0,0,0,0,0,0,0,0,0,0,0,0,0,0,0,74,0,0
-80.56272,26.015569999,374,2014,Jupiter,WCA-3A,26.01557,-80.56272,0,0,0,0,0,0,0,0,64,0,0,0,0,0,0,0,0,0,0,0,0,0,0,0,64,0,0
-80.838739999,25.86302,375,2014,Jetport,WCA-3A,25.86302,-80.83874,0,0,0,0,0,0,0,0,0,0,0,0,0,0,0,0,0,0,0,0,60,0,0,0,60,0,0
-80.83722,25.77353,376,2014,Hidden,WCA-3A,25.77353,-80.83722,0,0,0,0,0,0,0,0,60,0,0,0,0,0,0,0,0,0,0,0,0,0,0,0,60,0,0
-80.8398300009999,25.819129999,377,2014,Henry,WCA-3A,25.81913,-80.83983,0,0,0,0,0,0,0,0,51,0,0,0,0,0,0,0,0,0,0,0,0,0,0,0,51,0,0
-82.1532030079999,26.599904757,378,2016,Hemp Key,CHAP/DING,26.5999,-82.1532,0,0,1,0,0,0,18,0,39,0,0,0,0,0,0,0,0,0,0,0,0,0,0,0,58,0,0
-80.3225124749999,26.8419548540001,379,2016,Peanut Pond,Corbett,26.84195,-80.32251,0,0,1,0,0,0,0,0,242,0,20,0,0,0,0,0,0,0,0,0,0,0,0,0,263,0,0
-80.3564824859999,26.843474853,380,2016,Trail 7,Corbett,26.84347,-80.35648,0,0,0,0,0,0,0,0,0,0,0,0,0,0,0,0,0,0,0,0,0,0,0,0,0,0,0
-81.3438857629999,26.27305469,381,2016,Barron Collier 29,Corkscrew,26.27305,-81.343883,0,0,0,0,0,0,0,0,84,0,0,0,0,0,1,0,0,2,0,0,344,0,26,0,457,0,0
-81.7949529049999,26.696587788,382,2016,Caloosahatchee East,Corkscrew,26.696583,-81.79495,0,0,0,0,0,0,0,0,0,0,0,0,0,0,0,0,0,0,0,0,0,0,0,0,0,0,0
-81.616419846,26.3750377100001,383,2016,Corkscrew Swamp,Corkscrew,26.375033,-81.616417,0,0,0,0,0,0,0,0,0,0,0,0,0,0,0,0,0,0,0,0,0,0,0,0,0,0,0
-81.272719745,26.370387716,384,2016,Collier-Hendry Line,Corkscrew,26.370383,-81.272717,0,0,0,0,0,0,0,0,0,0,0,0,0,0,0,0,0,0,0,0,0,0,0,0,0,0,0
-81.830152916,26.688871786,385,2016,Lenore Island,Corkscrew,26.688867,-81.83015,0,0,0,0,0,0,9,0,27,0,0,0,0,0,1,0,0,0,0,0,307,0,20,0,364,0,0
-81.544402828,26.500404744,386,2016,Orange Grove,CREW,26.5004,-81.5444,0,0,0,0,0,0,0,0,0,0,0,0,0,0,0,0,0,0,0,0,0,0,0,0,0,0,0
-81.5784128349999,26.3944207160001,387,2016,Sod Farms,CREW,26.394416,-81.57841,0,0,0,0,0,0,0,0,0,0,0,0,0,0,0,0,0,0,0,0,0,0,0,0,0,0,0
-81.5568028289999,26.392904716,388,2016,Cypress East,CREW,26.3929,-81.5568,0,0,0,0,0,0,0,0,77,0,0,0,0,0,0,0,0,0,0,0,0,0,0,0,77,0,0
-81.605832844,26.4091347190001,389,2016,CSS GREG,CREW,26.40913,-81.60583,0,0,0,0,0,0,0,0,61,0,0,0,0,0,0,0,0,0,0,0,0,0,0,0,61,0,0
-80.1879104449999,27.190285944,390,2016,Bird Island,East Coast,27.190281,-80.187908,0,0,0,0,0,0,0,0,0,0,0,0,0,0,0,0,0,0,0,0,0,0,0,0,0,0,0
-80.109160413,26.8301528540001,391,2016,BallenIsles,East Coast,26.830148,-80.109158,0,0,0,0,0,0,0,0,0,0,0,0,0,0,0,0,0,0,0,0,0,0,0,0,0,0,0
-80.337623464,26.149841677,392,2016,Sawgrass Ford,East Coast,26.149837,-80.337621,0,0,0,0,0,0,0,0,36,0,0,0,0,0,0,0,0,0,11,0,52,0,0,0,99,0,0
-80.142328414,26.479893765,393,2016,Wakodahatchee,East Coast,26.479889,-80.142326,0,0,0,0,0,0,6,0,20,0,4,0,0,0,0,0,0,4,13,0,59,0,0,0,106,0,0
-81.1471406919999,25.67099354,394,2016,Alligator Bay,ENP,25.670989,-81.147138,0,0,0,0,0,0,0,0,75,0,0,0,0,0,0,0,0,75,0,0,0,0,0,0,150,0,0
-80.974399638,25.5029284990001,395,2016,Broad River,ENP,25.502924,-80.974397,0,0,0,0,0,0,0,0,150,0,0,0,0,0,50,0,0,150,0,400,340,0,0,0,1090,0,0
-81.0561196639999,25.619999529,396,2016,Cabbage Bay,ENP,25.619995,-81.056117,0,0,0,0,0,0,0,0,150,0,0,0,0,0,25,0,0,125,0,800,10,0,0,0,1110,0,0
-80.7750035729999,25.209335427,397,2016,Cuthbert Lake,ENP,25.209331,-80.775001,0,0,0,0,0,0,0,0,60,0,0,0,0,0,0,0,0,0,0,0,0,0,0,0,60,0,0
-80.867852601,25.268604441,398,2016,East River,ENP,25.2686,-80.86785,0,0,0,0,0,0,0,0,0,0,0,0,0,0,0,0,0,0,0,0,0,0,0,0,0,0,0
-80.652756546,25.63627654,399,2016,Grossman Ridge West,ENP,25.636272,-80.652754,0,0,0,0,0,0,0,0,0,0,0,0,0,0,0,0,0,0,0,0,0,0,0,0,0,0,0
-80.564552512,25.232054437,400,2016,Joe Bay,ENP,25.23205,-80.56455,0,0,0,0,0,0,0,0,70,0,0,0,0,0,0,0,0,0,0,0,0,0,0,0,70,0,0
-80.9720416389999,25.587236521,401,2016,Lostmans Creek,ENP,25.587232,-80.972039,0,0,0,0,0,0,0,0,80,0,0,0,0,0,10,0,0,0,0,0,0,0,0,0,90,0,0
-80.659449539,25.2193194320001,402,2016,Madeira Hammock,ENP,25.219315,-80.659447,0,0,0,0,0,0,0,0,5,0,0,0,0,0,120,0,0,0,87,60,0,0,0,0,277,5,0
-80.937719627,25.467807491,403,2016,Otter Creek,ENP,25.467803,-80.937717,0,0,0,0,0,0,0,0,170,0,0,0,0,0,25,0,0,0,0,0,0,0,0,0,195,0,0
-80.802999583,25.2815044450001,404,2016,Paurotis Pond,ENP,25.2815,-80.802997,0,0,0,0,0,0,0,0,150,0,30,0,0,0,30,0,0,150,0,300,230,0,0,0,890,0,0
-81.0698386669999,25.556672512,405,2016,Rodgers River Bay Large Island,ENP,25.556668,-81.069836,0,0,0,0,0,0,0,0,80,0,0,0,0,0,0,0,0,0,0,0,0,0,0,0,80,0,0
-81.069962668,25.5552435110001,406,2016,Rodgers River Bay Small Island,ENP,25.555239,-81.06996,0,0,0,0,0,0,0,0,0,0,0,0,0,0,0,0,0,0,0,0,0,0,0,0,0,0,0
-80.8525606009999,25.463565492,407,2016,Rookery Branch,ENP,25.463561,-80.852558,0,0,0,0,0,0,0,0,175,0,0,0,0,0,0,0,0,0,0,0,0,0,0,0,175,0,0
-80.6951725599999,25.689114552,408,2016,2016Colony2,ENP,25.68911,-80.69517,0,0,0,0,0,0,0,0,60,0,0,0,0,0,0,0,0,0,0,0,0,0,0,0,60,0,0
-80.545019517,25.757453572,409,2016,Tamiami West,ENP,25.757449,-80.545017,0,0,0,0,0,0,0,0,300,0,0,0,0,0,0,0,0,50,0,0,0,0,0,0,350,0,0
-81.8435759119999,26.367370705,410,2016,619038c,Estero Bay,26.367366,-81.843573,0,0,0,0,0,0,0,0,0,0,0,0,0,0,0,0,0,0,0,0,0,0,0,0,0,0,0
-81.849952914,26.3828617080001,411,2016,Big Bird Island,Estero Bay,26.382857,-81.84995,0,0,0,0,0,0,0,0,0,0,0,0,0,0,0,0,0,0,0,0,0,0,0,0,0,0,0
-81.9006659299999,26.4315547200001,412,2016,Big Carlos Pass M-43,Estero Bay,26.43155,-81.900663,0,0,0,0,0,0,0,0,0,0,0,0,0,0,0,0,0,0,0,0,0,0,0,0,0,0,0
-81.9005069299999,26.4277187180001,413,2016,Big Carlos Pass M-48,Estero Bay,26.427714,-81.900504,0,0,0,0,0,0,0,0,0,0,0,0,0,0,0,0,0,0,0,0,0,0,0,0,0,0,0
-81.8952719279999,26.4224447170001,414,2016,Big Carlos Pass M-50&52,Estero Bay,26.42244,-81.895269,0,0,0,0,0,0,0,0,0,0,0,0,0,0,0,0,0,0,0,0,0,0,0,0,0,0,0
-81.898520929,26.4267207180001,415,2016,Big Carlos Pass S of M-48,Estero Bay,26.426716,-81.898518,0,0,0,0,0,0,0,0,0,0,0,0,0,0,0,0,0,0,0,0,0,0,0,0,0,0,0
-81.90137693,26.4292677190001,416,2016,Big Carlos Pass W of M-46,Estero Bay,26.429263,-81.901374,0,0,0,0,0,0,0,0,0,0,0,0,0,0,0,0,0,0,0,0,0,0,0,0,0,0,0
-81.893595928,26.4246907180001,417,2016,Big Carlos Pass W of M-52,Estero Bay,26.424686,-81.893593,0,0,6,0,0,0,6,0,20,0,2,0,0,3,0,0,0,12,11,0,0,0,0,0,60,0,0
-81.84163891,26.353156701,418,2016,Big Hickory E of M-85,Estero Bay,26.353152,-81.841636,0,0,0,0,0,0,0,0,0,0,0,0,0,0,0,0,0,0,0,0,0,0,0,0,0,0,0
-81.843879912,26.3505757,419,2016,Big Hickory M-83,Estero Bay,26.350571,-81.843877,0,0,0,0,0,0,0,0,0,0,0,0,0,0,0,0,0,0,0,0,0,0,0,0,0,0,0
-81.846582913,26.367664704,420,2016,Big Hickory M-49 2NW,Estero Bay,26.36766,-81.84658,0,0,0,0,0,0,0,0,0,0,0,0,0,0,0,0,0,0,0,0,0,0,0,0,0,0,0
-81.846982914,26.368314705,421,2016,Big Hickory M-49 3NW,Estero Bay,26.36831,-81.84698,0,0,0,0,0,0,0,0,0,0,0,0,0,0,0,0,0,0,0,0,0,0,0,0,0,0,0
-81.849047914,26.384114708,422,2016,Coconut Point East,Estero Bay,26.38411,-81.849045,0,0,0,0,0,0,0,0,0,0,0,0,0,0,0,0,0,0,0,0,0,0,0,0,0,0,0
-81.849766914,26.381111708,423,2016,Coconut Point West,Estero Bay,26.381107,-81.849764,0,0,0,0,0,0,0,0,0,0,0,0,0,0,0,0,0,0,0,0,0,0,0,0,0,0,0
-81.867285921,26.4377207220001,424,2016,Denegre Key,Estero Bay,26.437716,-81.867283,0,0,0,0,0,0,0,0,0,0,0,0,0,0,0,0,0,0,0,0,0,0,0,0,0,0,0
-81.8611299189999,26.4302967190001,425,2016,Estero River M-30,Estero Bay,26.430292,-81.861127,0,0,0,0,0,0,0,0,0,0,0,0,0,0,0,0,0,0,0,0,0,0,0,0,0,0,0
-81.860912919,26.436534722,426,2016,Estero River North,Estero Bay,26.43653,-81.86091,0,0,0,0,0,0,0,0,0,0,0,0,0,0,0,0,0,0,0,0,0,0,0,0,0,0,0
-81.862112919,26.4341647200001,427,2016,Estero River South,Estero Bay,26.43416,-81.86211,0,0,0,0,0,0,0,0,0,0,0,0,0,0,0,0,0,0,0,0,0,0,0,0,0,0,0
-81.846445912,26.349880699,428,2016,Hogue Channel M-78,Estero Bay,26.349876,-81.846443,0,0,0,0,0,0,0,0,0,0,0,0,0,0,0,0,0,0,0,0,0,0,0,0,0,0,0
-81.9571729479999,26.460920726,429,2016,Matanzas Pass,Estero Bay,26.460916,-81.95717,0,0,1,0,0,0,13,0,6,0,6,0,0,4,0,0,0,11,20,0,0,1,0,0,62,0,0
-81.859255917,26.388650709,430,2016,New Pass M-21,Estero Bay,26.388646,-81.859253,0,0,0,0,0,0,0,0,0,0,0,0,0,0,0,0,0,0,0,0,0,0,0,0,0,0,0
-81.8681599189999,26.4046567130001,431,2016,New Pass M-9,Estero Bay,26.404652,-81.868157,0,0,0,0,0,0,0,0,0,0,0,0,0,0,0,0,0,0,0,0,0,0,0,0,0,0,0
-81.8548619169999,26.411318715,432,2016,North Coconut E of M-3,Estero Bay,26.411314,-81.854859,0,0,0,0,0,0,0,0,0,0,0,0,0,0,0,0,0,0,0,0,0,0,0,0,0,0,0
-81.859979917,26.407369714,433,2016,North Coconut M-4,Estero Bay,26.407365,-81.859977,0,0,0,0,0,0,0,0,0,0,0,0,0,0,0,0,0,0,0,0,0,0,0,0,0,0,0
-81.8530229149999,26.407834715,434,2016,Ruth's Island,Estero Bay,26.40783,-81.85302,0,0,0,0,0,0,0,0,0,0,0,0,0,0,0,0,0,0,0,0,0,0,0,0,0,0,0
-81.0139606399999,25.0347063780001,435,2016,Sandy,Florida Bay,25.034702,-81.013958,0,0,0,0,0,0,0,0,25,0,0,0,0,9,0,0,0,15,150,40,0,0,0,0,281,42,0
-80.929558616,25.078475391,436,2016,Clive,Florida Bay,25.078471,-80.929556,0,0,0,0,0,0,50,0,30,0,0,0,0,0,0,0,0,20,100,0,0,0,0,0,250,50,0
-80.5533995069999,25.158983418,437,2016,Tern,Florida Bay,25.158979,-80.553397,0,0,0,0,0,0,0,0,0,0,0,0,0,0,0,0,0,0,55,0,0,0,0,0,55,0,0
-80.489292489,25.180125424,438,2016,Duck,Florida Bay,25.180121,-80.48929,0,0,0,0,0,0,0,0,15,0,0,0,0,17,0,0,0,10,90,60,0,0,0,0,192,0,0
-80.5645015119999,25.2320034370001,439,2016,Diamond,Florida Bay,25.231999,-80.564499,0,0,0,0,0,0,0,0,90,0,0,0,0,0,0,0,0,0,50,0,0,0,0,0,140,0,0
-80.6448845319999,25.0519953890001,440,2016,C.Jim,Florida Bay,25.051991,-80.644882,0,0,0,0,0,0,0,0,0,0,0,0,0,7,0,0,0,0,100,0,0,0,0,0,109,2,0
-80.8799566019999,25.117537402,441,2016,Palm,Florida Bay,25.117533,-80.879954,0,0,0,0,0,0,0,0,0,0,0,0,0,0,100,0,0,0,0,0,0,0,0,0,100,0,0
-81.2541917779999,27.938782109,442,2016,Rabbit,Kissimmee,27.938777,-81.254189,0,0,0,0,0,0,0,0,0,0,0,0,0,0,0,0,0,0,0,0,0,0,0,0,0,0,0
-81.113602724,27.399304978,443,2016,Bumblebee Island,Kissimmee,27.3993,-81.1136,0,0,0,0,0,0,0,0,0,0,0,0,0,0,0,0,0,0,0,0,0,0,0,0,0,0,0
-81.107502744,28.2412051860001,444,2016,Cat Island,Kissimmee,28.2412,-81.1075,0,0,0,0,0,0,0,0,0,0,0,0,0,0,0,0,0,0,0,0,0,0,0,0,0,0,0
-80.981102683,27.380304976,445,2016,Chandler Slough East,Kissimmee,27.3803,-80.9811,0,0,0,0,0,0,0,0,0,0,0,0,0,0,0,0,0,0,0,0,0,0,0,0,0,0,0
-81.006302691,27.377004974,446,2016,Chandler Slough New,Kissimmee,27.377,-81.0063,0,0,0,0,0,0,0,0,0,0,0,0,0,0,0,0,0,0,0,0,0,0,0,0,0,0,0
-81.074502711,27.3806049730001,447,2016,C-38 Caracara Run,Kissimmee,27.3806,-81.0745,0,0,0,0,0,0,0,0,0,0,0,0,0,0,0,0,0,0,0,0,0,0,0,0,0,0,0
-81.0370027129999,27.8681050960001,448,2016,Lake Marian East,Kissimmee,27.8681,-81.037,0,0,0,0,0,0,0,0,0,0,0,0,0,0,0,0,0,0,0,0,0,0,0,0,0,0,0
-81.102802733,27.892505101,449,2016,Lake Marian North,Kissimmee,27.8925,-81.1028,0,0,0,0,0,0,0,0,0,0,0,0,0,0,0,0,0,0,0,0,0,0,0,0,0,0,0
-81.053602717,27.862205094,450,2016,Lake Marian South,Kissimmee,27.8622,-81.0536,0,0,0,0,0,0,0,0,0,0,0,0,0,0,0,0,0,0,0,0,0,0,0,0,0,0,0
-81.18430277,28.378905219,451,2016,Lake Mary Jane,Kissimmee,28.3789,-81.1843,0,0,0,0,0,0,0,0,0,0,0,0,0,0,0,0,0,0,0,0,0,0,0,0,0,0,0
-81.4219028269999,27.9100050980001,452,2016,Lake Rosalie,Kissimmee,27.91,-81.4219,0,0,0,0,0,0,0,0,0,0,0,0,0,0,0,0,0,0,0,0,0,0,0,0,0,0,0
-81.410802829,28.1251051510001,453,2016,Lake Russel,Kissimmee,28.1251,-81.4108,0,0,0,0,0,0,0,0,0,0,0,0,0,0,0,0,0,0,0,0,0,0,0,0,0,0,0
-81.2511027739999,27.807705077,454,2016,Melaleuca Island,Kissimmee,27.8077,-81.2511,0,0,0,0,0,0,0,0,0,0,0,0,0,0,0,0,0,0,0,0,0,0,0,0,0,0,0
-81.0930027159999,27.3595049680001,455,2016,Orange Grove NW,Kissimmee,27.3595,-81.093,0,0,0,0,0,0,0,0,0,0,0,0,0,0,0,0,0,0,0,0,0,0,0,0,0,0,0
-81.10930272,27.3304049610001,456,2016,Orange Grove SW,Kissimmee,27.3304,-81.1093,0,0,0,0,0,0,0,0,0,0,0,0,0,0,0,0,0,0,0,0,0,0,0,0,0,0,0
-81.077502711,27.3512049660001,457,2016,Orange Grove,Kissimmee,27.3512,-81.0775,0,0,0,0,0,0,0,0,0,0,0,0,0,0,0,0,0,0,0,0,0,0,0,0,0,0,0
-81.097102724,27.6311050360001,458,2016,Pine Island Slough New,Kissimmee,27.6311,-81.0971,0,0,0,0,0,0,0,0,0,0,0,0,0,0,0,0,0,0,0,0,0,0,0,0,0,0,0
-81.2541027789999,27.9387051100001,459,2016,Rabbit Island,Kissimmee,27.9387,-81.2541,0,0,0,0,0,0,0,0,0,0,0,0,0,0,0,0,0,0,0,0,0,0,0,0,0,0,0
-80.985402682,27.2474049420001,460,2016,River Bluff,Kissimmee,27.2474,-80.9854,0,0,0,0,0,0,0,0,0,0,0,0,0,0,0,0,0,0,0,0,0,0,0,0,0,0,0
-81.1858027549999,27.77490507,461,2016,River Ranch C-38 Island,Kissimmee,27.7749,-81.1858,0,0,0,0,0,0,0,0,0,0,0,0,0,0,0,0,0,0,0,0,0,0,0,0,0,0,0
-81.125902727,27.3972049770001,462,2016,S-65C Boat Ramp,Kissimmee,27.3972,-81.1259,0,0,0,0,0,0,0,0,0,0,0,0,0,0,0,0,0,0,0,0,0,0,0,0,0,0,0
-81.113602724,27.399304978,463,2016,S-65C Structure,Kissimmee,27.3993,-81.1136,0,0,0,0,0,0,0,0,0,0,0,0,0,0,0,0,0,0,0,0,0,0,0,0,0,0,0
-81.001102695,27.5898050280001,464,2016,Seven Mile Slough,Kissimmee,27.5898,-81.0011,0,0,0,0,0,0,0,0,0,0,0,0,0,0,0,0,0,0,0,0,0,0,0,0,0,0,0
-81.544002868,28.100205142,465,2016,Twin Islands,Kissimmee,28.1002,-81.544,0,0,0,0,0,0,0,0,0,0,0,0,0,0,0,0,0,0,0,0,0,0,0,0,0,0,0
-80.909382647,26.775734825,466,2016,Clewiston Spit,Lake Okeechobee,26.77573,-80.90938,0,0,0,0,0,0,0,12,56,0,0,0,0,0,0,0,0,93,30,0,0,0,0,0,191,0,0
-80.8317026349999,27.18791493,467,2016,Eagle Bay Trail,Lake Okeechobee,27.18791,-80.8317,0,0,0,0,0,0,0,0,0,0,0,0,0,0,0,0,0,0,0,0,0,0,0,0,0,0,0
-81.060842699,27.022784884,468,2016,Gator Farm,Lake Okeechobee,27.02278,-81.06084,0,0,0,0,0,0,0,0,165,0,0,0,0,0,4,0,0,60,3,0,63,0,0,0,295,0,0
-80.868832642,27.078524902,469,2016,Indian Prairie East,Lake Okeechobee,27.07852,-80.86883,0,0,0,0,0,0,0,0,190,0,0,0,0,0,0,0,0,133,0,0,0,0,0,0,323,0,0
-81.1144027129999,26.9726048700001,470,2016,Lakeport Marina,Lake Okeechobee,26.9726,-81.1144,0,0,0,0,0,0,0,0,86,0,0,0,0,0,0,0,0,13,3,0,0,0,0,0,102,0,0
-80.9967526739999,26.817524834,471,2016,Liberty Point 2,Lake Okeechobee,26.81752,-80.99675,0,0,0,0,0,0,1,0,253,0,10,0,0,0,0,0,0,125,10,225,0,0,0,0,624,0,0
-80.842222627,26.7213948130001,472,2016,Little Bear Beach,Lake Okeechobee,26.72139,-80.84222,0,0,0,0,0,0,0,0,70,0,3,0,0,0,0,0,0,90,30,0,0,0,0,0,193,0,0
-81.082362701,26.8805848480001,473,2016,Moore Haven,Lake Okeechobee,26.88058,-81.08236,0,0,0,0,0,0,0,10,150,0,0,0,0,0,0,0,0,218,20,12,0,0,0,0,410,0,0
-81.0523726919999,26.8840948500001,474,2016,Moore Haven East 2,Lake Okeechobee,26.88409,-81.05237,0,0,0,0,0,0,0,0,37,0,0,0,0,0,0,0,0,30,0,10,0,0,0,0,77,0,0
-81.053372692,26.893364852,475,2016,Moore Haven East 4,Lake Okeechobee,26.89336,-81.05337,0,0,0,0,0,0,0,0,46,0,23,0,0,0,0,0,0,20,3,23,0,0,0,0,115,0,0
-81.1150027099999,26.88826485,476,2016,Moore Haven West,Lake Okeechobee,26.88826,-81.115,0,0,0,0,0,0,0,0,0,0,0,0,0,0,0,0,0,0,0,0,0,0,0,0,0,0,0
-80.141986421,26.7783978410001,477,2016,SWA,SWA,26.778393,-80.141984,0,0,0,0,0,0,0,0,0,0,0,0,0,0,0,0,0,0,0,0,0,0,0,0,0,0,0
-80.390532487,26.4382247500001,478,2016,LOX 99,WCA-1,26.43822,-80.39053,0,0,0,0,0,0,0,0,500,0,0,0,0,0,0,0,0,0,0,6800,0,0,0,0,7300,0,0
-80.4426825049999,26.5501447770001,479,2016,LOX West,WCA-1,26.55014,-80.44268,0,0,0,0,0,0,0,0,200,0,0,0,0,0,11,0,0,200,0,600,0,0,0,0,1011,0,0
-80.276202455,26.532804775,480,2016,New 4,WCA-1,26.5328,-80.2762,0,0,0,0,0,0,0,0,0,0,0,0,0,0,0,0,0,0,0,0,0,0,0,0,0,0,0
-80.22533244,26.4951147670001,481,2016,Lox Ramp,WCA-1,26.49511,-80.22533,0,0,0,0,0,0,0,0,100,0,0,0,0,0,0,0,0,0,20,517,0,0,150,0,787,0,0
-80.2659724489999,26.3718747350001,482,2016,LOX 73,WCA-1,26.37187,-80.26597,0,0,0,0,0,0,0,0,0,0,0,0,0,0,0,0,0,0,0,0,0,0,0,0,0,0,0
-80.240322444,26.4585747580001,483,2016,New Colony 2,WCA-1,26.45857,-80.24032,0,0,0,0,0,0,0,0,0,0,0,0,0,0,0,0,0,0,0,0,0,0,0,0,0,0,0
-80.3309024709999,26.506384768,484,2016,103,WCA-1,26.50638,-80.3309,0,0,0,0,0,0,0,0,0,0,0,0,0,0,0,0,0,0,0,0,0,0,0,0,0,0,0
-80.372292482,26.4683847580001,485,2016,Welt,WCA-1,26.46838,-80.37229,0,0,0,0,0,0,0,0,0,0,0,0,0,0,0,0,0,0,0,0,0,0,0,0,0,0,0
-80.2659724489999,26.3718747350001,486,2016,Tyger,WCA-1,26.37187,-80.26597,0,0,0,0,0,0,0,0,143,0,0,0,0,0,0,0,0,0,0,0,0,0,250,0,393,0,0
-80.2487124479999,26.5599347830001,487,2016,Canal North,WCA-1,26.55993,-80.24871,0,0,0,0,0,0,0,0,60,0,0,0,0,0,0,0,0,120,0,0,0,0,0,0,180,0,0
-80.310352462,26.371974734,488,2016,UTU,WCA-1,26.37197,-80.31035,0,0,0,0,0,0,0,0,140,0,0,0,0,0,0,0,0,0,0,0,0,0,0,0,140,0,0
-80.307632467,26.6152647960001,489,2016,6,WCA-1,26.61526,-80.30763,0,0,0,0,0,0,0,0,0,0,0,0,0,0,0,0,0,133,0,0,0,0,0,0,133,0,0
-80.312802459,26.2378247,490,2016,Rhea,WCA-2,26.23782,-80.3128,0,0,0,0,0,0,5,0,130,0,0,0,0,0,0,0,0,0,0,300,0,0,0,0,435,0,0
-80.528735523,26.2013216870001,491,2016,Alley North,WCA-3A,26.201317,-80.528733,0,0,0,0,0,0,0,0,678,0,0,0,0,0,41,0,0,0,0,300,0,0,0,0,1019,0,0
-80.5414855239999,26.124287667,492,2016,6th Bridge,WCA-3A,26.124283,-80.541483,0,0,0,0,0,0,0,0,300,0,0,0,0,0,20,0,0,0,0,468,0,0,0,0,788,0,0
-80.8490226069999,25.805104579,493,2016,Jetport South,WCA-3A,25.8051,-80.84902,0,0,0,0,0,0,0,0,200,0,30,0,0,0,0,0,0,0,0,0,0,0,0,0,230,0,0
-80.57206953,25.960521624,494,2016,Horus,WCA-3A,25.960517,-80.572067,0,0,0,0,0,0,0,0,90,0,0,0,0,0,0,0,0,0,0,0,0,0,0,0,90,0,0
-80.6323355489999,26.0123046360001,495,2016,Joule,WCA-3A,26.0123,-80.632333,0,0,0,0,0,0,0,0,102,0,0,0,0,0,0,0,0,0,0,0,0,0,0,0,102,0,0
-80.595135537,26.000121634,496,2016,Jerrod,WCA-3A,26.000117,-80.595133,0,0,0,0,0,0,0,0,75,0,0,0,0,0,0,0,0,0,0,0,0,0,0,0,75,0,0
-80.504385514,26.124087667,497,2016,Cypress City,WCA-3A,26.124083,-80.504383,0,0,0,0,0,0,0,0,120,0,0,0,0,0,0,0,0,0,0,0,0,0,0,0,120,0,0
-80.630219546,25.915654612,498,2016,Vacation,WCA-3A,25.91565,-80.630217,0,0,0,0,0,0,0,0,62,0,0,0,0,0,0,0,0,0,0,0,0,0,0,0,62,0,0
-80.498019512,26.1071546630001,499,2016,Andytown,WCA-3A,26.10715,-80.498017,0,0,0,0,0,0,0,0,61,0,0,0,0,0,0,0,0,0,0,0,0,0,0,0,61,0,0
-80.281652455,26.476554761,500,2016,192,WCA-3A,26.47655,-80.28165,0,0,0,0,0,0,0,0,0,0,0,0,0,0,0,0,0,0,0,0,0,0,0,0,0,0,0
-80.8372196029999,25.7735375720001,501,2016,Hidden,WCA-3A,25.773533,-80.837217,0,0,0,0,0,0,0,0,50,0,0,0,0,0,0,0,0,0,0,0,0,0,0,0,50,0,0
-80.539162521,26.025644641,502,2016,Vulture,WCA-3A,26.02564,-80.53916,0,0,0,0,0,0,0,0,85,0,0,0,0,0,0,0,0,0,0,0,0,0,0,0,85,0,0
-80.839832605,25.8191345830001,503,2016,Henry,WCA-3A,25.81913,-80.83983,0,0,0,0,0,0,0,0,134,0,0,0,0,0,0,0,0,0,0,0,0,0,0,0,134,0,0
-80.36901,26.138530001,504,2017,008,WCAs,26.13853,-80.36901,0,0,0,0,0,0,1,0,51,0,0,0,0,0,0,0,0,0,0,0,0,0,0,0,52,0,0
-80.5996833299999,26.0412333300001,505,2017,Kidlow,WCAs,26.04123333,-80.59968333,0,0,0,0,0,0,14,0,51,0,0,0,0,0,0,0,0,0,0,0,0,0,2,0,67,0,0
-80.6258599989999,26.04602,506,2017,Big Mel,WCAs,26.04602,-80.62586,0,0,0,0,0,0,1,0,66,0,0,0,0,0,0,0,0,0,0,0,0,0,0,0,67,0,0
-80.7087166699999,25.7715833300001,507,2017,Aerie,WCAs,25.77158333,-80.70871667,0,0,0,0,0,0,0,0,69,0,0,0,0,0,0,0,0,0,0,0,0,0,0,0,69,0,0
-80.31035,26.3719666700001,508,2017,Utu,WCAs,26.37196667,-80.31035,0,0,0,0,0,0,0,0,72,0,0,0,0,0,0,0,0,0,0,0,0,0,0,0,72,0,0
-80.6302166689999,25.91565,509,2017,Vacation,WCAs,25.91565,-80.63021667,0,0,0,0,0,0,2,0,72,0,0,0,0,0,0,0,0,0,0,0,0,0,0,0,74,0,0
-80.83721667,25.7735333300001,510,2017,Hidden,WCAs,25.77353333,-80.83721667,0,0,0,0,0,0,0,0,77,0,0,0,0,0,0,0,0,0,0,0,0,0,0,0,77,0,0
-80.28161,26.4754389990001,511,2017,010,WCAs,26.475439,-80.28161,0,0,0,0,0,0,0,0,78,0,0,0,0,0,0,0,0,0,0,0,0,0,3,0,81,0,0
-80.5234666699999,25.8472666700001,512,2017,Diana,WCAs,25.84726667,-80.52346667,0,0,0,0,0,0,3,0,78,0,0,0,0,0,0,0,0,0,0,0,0,0,0,0,81,0,0
-80.841150001,25.8207666710001,513,2017,Henry,WCAs,25.82076667,-80.84115,0,0,0,0,0,0,0,0,94,0,0,0,0,0,0,0,0,0,0,0,0,0,0,0,94,0,0
-80.24233,26.45047,514,2017,038,WCAs,26.45047,-80.24233,0,0,0,0,0,0,4,0,92,0,0,0,0,0,0,0,0,0,0,0,0,0,6,0,102,0,0
-80.6323333299999,26.0123,515,2017,Joule,WCAs,26.0123,-80.63233333,0,0,0,0,0,0,4,0,110,0,0,0,0,0,0,0,0,0,0,0,0,0,0,0,114,0,0
-80.838739999,25.86302,516,2017,Jetport,WCAs,25.86302,-80.83874,0,0,0,0,0,0,0,0,0,0,0,0,0,0,0,0,0,0,0,0,129,0,0,0,129,0,0
-80.43767,26.511226,517,2017,043,WCAs,26.511226,-80.43767,0,0,0,0,0,0,0,0,0,0,0,0,0,0,0,0,0,0,0,0,0,0,132,0,132,0,0
-80.223020001,26.49446,518,2017,LoxRamp,WCAs,26.49446,-80.22302,0,0,0,0,0,0,0,0,74,0,0,0,0,0,0,0,0,47,0,0,0,0,364,0,485,0,0
-80.498016669,26.10715,519,2017,Nanse,WCAs,26.10715,-80.49801667,0,0,0,0,0,0,4,0,176,0,0,0,0,0,0,0,0,0,0,0,0,0,0,0,180,0,0
-80.53916667,26.0256333290001,520,2017,Vulture,WCAs,26.02563333,-80.53916667,0,0,0,0,0,0,4,0,184,0,0,0,0,0,0,0,0,0,0,0,0,0,3,0,191,0,0
-80.572066669,25.9605166710001,521,2017,Horus,WCAs,25.96051667,-80.57206667,0,0,0,0,0,0,22,0,162,0,0,0,0,0,0,0,0,0,0,0,0,0,26,0,210,0,0
-80.5414833299999,26.12428333,522,2017,Cypress City,WCAs,26.12428333,-80.54148333,0,0,0,0,0,0,0,0,138,0,0,0,0,0,18,0,0,0,0,0,23,0,36,0,215,0,0
-80.258500001,26.37433,523,2017,Lox73,WCAs,26.37433,-80.2585,0,0,0,0,0,0,0,0,133,0,0,0,0,0,0,0,0,0,0,69,0,0,49,0,251,0,0
-80.3128,26.23781667,524,2017,Rhea,WCAs,26.23781667,-80.3128,0,0,0,0,0,0,1,0,316,0,0,0,0,0,0,0,0,0,0,63,0,0,122,0,502,0,0
-80.2508,26.5537,525,2017,LoxNC1,WCAs,26.5537,-80.2508,0,0,0,0,0,0,0,0,44,0,0,0,0,0,0,0,0,0,0,0,0,0,538,0,582,0,0
-80.84902,25.8051,526,2017,Jetport South,WCAs,25.8051,-80.84902,0,0,0,0,0,0,0,0,63,0,0,0,0,0,5,0,0,0,0,0,857,0,32,0,957,0,0
-80.44268,26.55014,527,2017,LoxWest,WCAs,26.55014,-80.44268,0,0,0,0,0,0,0,0,322,0,400,0,0,0,15,0,0,70,0,195,0,0,150,0,1152,0,0
-80.52873333,26.2013166690001,528,2017,Alley North,WCAs,26.20131667,-80.52873333,0,0,0,0,0,0,0,0,652,0,0,0,0,0,40,0,0,0,0,0,0,0,855,0,1547,0,0
-80.39053333,26.43821667,529,2017,Lox99,WCAs,26.43821667,-80.39053333,0,0,0,0,0,0,0,0,539,0,90,0,0,0,2,0,0,0,22,2876,0,0,35,0,3564,0,0
-80.2762,26.5328,530,2017,LoxNC4,WCAs,26.5328,-80.2762,0,0,0,0,0,0,0,0,120,0,0,0,0,0,0,0,0,0,0,2502,0,0,0,0,2622,0,0
-80.5414833299999,26.12428333,531,2017,6th Bridge,WCAs,26.12428333,-80.54148333,0,0,0,0,0,0,0,0,177,0,0,0,0,0,88,0,0,0,0,9982,0,0,1105,0,11352,0,0
-80.79868,25.91997,532,2017,093,WCAs,25.91997,-80.79868,0,0,0,0,0,0,0,0,2,0,40,0,0,0,0,0,0,15,0,0,0,0,0,0,57,0,0
-80.77479,25.97019,533,2017,047,WCAs,25.97019,-80.77479,0,0,0,0,0,0,0,0,0,0,67,0,0,0,0,0,0,11,3,0,0,0,0,0,81,0,0
-81.147138,25.670989,534,2017,Alligator Bay,ENP,25.670989,-81.147138,0,0,0,0,0,0,0,0,35,0,0,0,0,0,0,0,0,0,0,130,0,0,0,0,165,0,0
-80.974397,25.502924,535,2017,Broad River,ENP,25.502924,-80.974397,0,0,0,0,0,0,0,0,193,0,0,0,0,0,19,0,0,0,0,0,545,0,0,0,757,0,0
-81.056117001,25.619995,536,2017,Cabbage Bay,ENP,25.619995,-81.056117,0,0,0,0,0,0,0,0,154,0,0,0,0,0,7,0,0,0,0,350,224,0,0,0,735,0,0
-81.412965,25.848083,537,2017,Chokoloskee Bay (new site),ENP,25.848083,-81.412965,0,0,0,0,0,0,0,0,145,0,0,0,0,0,0,0,0,0,0,0,0,0,0,0,145,0,0
-80.775001,25.209331,538,2017,Cuthbert Lake,ENP,25.209331,-80.775001,0,0,0,0,0,0,0,0,55,0,0,0,0,0,0,0,0,0,0,0,0,0,0,0,55,0,0
-80.652754,25.636272,539,2017,Grossman Ridge West,ENP,25.636272,-80.652754,0,0,0,0,0,0,0,0,73,0,0,0,0,0,0,0,0,0,0,0,55,0,0,0,128,0,0
-80.56455,25.23205,540,2017,"Joe Bay, Diamond Key",ENP,25.23205,-80.56455,0,0,0,0,0,0,0,0,120,0,172,0,0,0,0,0,0,36,0,1,0,0,0,0,329,0,0
-80.972039,25.587231999,541,2017,Lostmans Creek,ENP,25.587232,-80.972039,0,0,0,0,0,0,0,0,35,0,0,0,0,0,0,0,0,0,0,400,0,0,0,0,435,0,0
-80.65945,25.21932,542,2017,Madeira Hammock,ENP,25.21932,-80.65945,0,0,0,0,0,0,0,0,9,0,0,0,0,0,0,0,0,0,5,280,0,0,0,0,294,0,0
-80.937717,25.4678029990001,543,2017,Otter Creek,ENP,25.467803,-80.937717,0,0,0,0,0,0,0,0,347,0,0,0,0,0,7,0,0,0,0,325,0,0,0,0,679,0,0
-80.802997,25.2815,544,2017,Paurotis Pond,ENP,25.2815,-80.802997,0,0,0,0,0,0,0,0,125,0,0,0,0,0,10,0,0,0,0,0,326,0,0,0,461,0,0
-81.0698360009999,25.556668,545,2017,Rodgers River Bay Large Island,ENP,25.556668,-81.069836,0,0,0,0,0,0,0,0,140,0,0,0,0,0,0,0,0,0,0,0,25,0,0,0,165,0,0
-80.852558,25.463561,546,2017,Rookery Branch,ENP,25.463561,-80.852558,0,0,0,0,0,0,0,0,331,0,0,0,0,0,0,0,0,0,0,0,0,0,0,0,331,0,0
-80.545017,25.757449,547,2017,Tamiami West,ENP,25.757449,-80.545017,0,0,0,0,0,0,0,0,300,0,0,0,0,0,0,0,0,0,0,2500,138,0,0,0,3138,0,200
-80.93029,25.07888,548,2017,Clive,FL_Bay,25.07888,-80.93029,0,0,0,0,0,0,80,0,35,0,0,0,0,1,0,0,0,12,0,0,0,0,0,0,178,50,0
-80.56448,25.232069999,549,2017,Diamond,FL_Bay,25.23207,-80.56448,7,0,0,0,0,0,0,0,120,0,0,0,0,2,0,0,0,36,172,1,0,0,0,0,338,0,0
-80.31722,25.40528,550,2017,West Arsenicker Key,Biscayne,25.40528,-80.31722,0,0,0,0,0,0,1,0,13,0,0,0,0,0,0,0,0,0,0,95,0,0,0,0,110,1,0
-80.187908,27.190281,551,2017,Bird Island,SE_Coast,27.190281,-80.187908,0,0,0,0,0,0,0,0,21,0,0,0,0,0,3,0,0,1,0,0,44,0,0,0,69,0,0
-80.109158001,26.830148,552,2017,BallenIsles,SE_Coast,26.830148,-80.109158,0,0,0,0,0,0,0,0,1,0,0,0,0,0,0,0,0,9,0,0,36,0,0,0,46,0,0
-80.337621,26.149837,553,2017,Sawgrass Ford,SE_Coast,26.149837,-80.337621,0,0,0,0,0,0,0,0,33,0,0,0,0,0,0,0,0,0,0,0,83,0,0,0,116,0,0
-80.142326,26.479889,554,2017,Wakodahatchee,SE_Coast,26.479889,-80.142326,0,0,0,0,0,0,0,0,0,0,0,0,0,0,0,0,0,0,0,0,98,0,0,0,98,0,0
-80.125313,26.770188,555,2017,Solid Waste Authority,SE_Coast,26.770188,-80.125313,0,0,0,0,0,0,0,0,0,0,0,0,0,0,13,0,0,0,1,0,155,0,0,0,169,0,0
-81.5771,26.394419999,556,2017,Sod Farms,CREW,26.39442,-81.5771,0,0,0,0,0,0,4,0,2,0,30,0,0,0,0,0,0,17,0,0,0,0,6,0,59,0,0
-81.5549,26.39132,557,2017,Cypress East,CREW,26.39132,-81.5549,0,0,0,0,0,0,0,0,91,0,0,0,0,0,0,0,0,0,0,0,0,0,0,0,91,0,0
-81.62037,26.38254,558,2017,WOST Subcolony 1,CREW,26.38254,-81.62037,0,0,0,0,0,0,0,0,0,0,0,0,0,0,0,0,0,0,0,0,57,0,0,0,57,0,0
-81.62493,26.36877,559,2017,WOST Subcolony  4,CREW,26.36877,-81.62493,0,0,0,0,0,0,0,0,10,0,0,0,0,0,4,0,0,0,0,0,162,0,2,0,178,0,0
-81.61535,26.36664,560,2017,BRS WOST Subcolony,CREW,26.36664,-81.61535,0,0,0,0,0,0,0,0,3,0,0,0,0,0,2,0,0,0,0,0,228,0,0,0,233,0,0
-81.89359,26.42469,561,2017,Big Carlos Pass W of M-52,ESTERO,26.42469,-81.89359,0,0,2,0,0,0,6,0,25,0,0,0,0,2,0,0,0,6,12,0,0,1,0,0,54,0,0
-81.957169999,26.4609199990001,562,2017,Matanzas Pass,ESTERO,26.46092,-81.95717,0,0,3,0,0,0,11,0,4,0,8,0,0,1,0,0,0,15,38,0,0,0,0,0,80,0,0
-82.194,26.6777,563,2017,Broken Islands,CHAP/DING,26.6777,-82.194,0,0,0,0,0,0,5,0,1,0,0,0,0,4,0,0,0,4,11,28,0,1,0,0,54,0,0
-81.00917,26.97199,564,2017,Bird Island,Lake Okeechobee,26.97199,-81.00917,0,0,0,0,0,0,1,0,0,0,0,0,0,0,0,0,0,0,63,0,0,0,0,0,103,0,39
-80.90938,26.77573,565,2017,Clewiston Spit,Lake Okeechobee,26.77573,-80.90938,0,0,0,0,0,0,6,57,55,0,5,0,0,0,1,0,0,0,150,4,0,0,0,0,478,0,200
-81.03422703,26.92804442,566,2017,Eagle Bay East,Lake Okeechobee,26.92804442,-81.03422703,0,0,0,0,0,0,0,150,10,0,0,0,0,0,0,0,0,0,30,75,0,0,0,0,315,0,50
-81.06084,27.0227799990001,567,2017,Gator Farm,Lake Okeechobee,27.02278,-81.06084,0,0,0,0,0,0,0,0,70,0,15,0,0,0,7,0,0,0,0,0,12,0,0,0,104,0,0
-80.86883,27.078519999,568,2017,Indian Prairie East,Lake Okeechobee,27.07852,-80.86883,0,0,0,0,0,0,0,0,80,0,0,0,0,0,0,0,0,0,0,0,0,0,0,0,90,0,10
-81.08854,26.89829,569,2017,King's Bar,Lake Okeechobee,26.89829,-81.08854,0,0,0,0,0,0,0,0,10,0,0,0,0,0,0,0,0,0,0,90,0,0,0,0,150,0,50
-80.99675,26.81752,570,2017,Liberty Point 2,Lake Okeechobee,26.81752,-80.99675,0,0,0,0,0,0,0,0,75,0,0,0,0,0,0,0,0,0,0,300,0,0,0,0,375,0,0
-80.84222,26.721390001,571,2017,Little Bear Beach,Lake Okeechobee,26.72139,-80.84222,0,0,0,0,0,0,0,0,57,0,1,0,0,0,0,0,0,0,61,0,0,0,0,0,301,0,182
-81.09752,26.887547,572,2017,Moore Haven,Lake Okeechobee,26.887547,-81.09752,0,0,0,0,0,0,0,0,45,0,0,0,0,0,0,0,0,0,0,0,0,0,0,0,115,0,70
-81.02969,26.9222700010001,573,2017,Moonshine Bay 2,Lake Okeechobee,26.92227,-81.02969,0,0,0,0,0,0,1,950,150,0,0,0,0,0,5,0,0,0,100,1030,0,0,0,0,2486,0,250
-81.034230001,26.92804,574,2017,Moonshine Bay 3,Lake Okeechobee,26.92804,-81.03423,0,0,0,0,0,0,1,400,75,0,0,0,0,0,0,0,0,0,50,450,0,0,0,0,1076,0,100
-81.254189,27.938777,575,2017,Rabbit Island,Kissimmee,27.938777,-81.254189,0,0,0,0,0,0,0,0,0,0,0,0,0,0,0,0,0,0,0,0,0,0,0,0,0,0,0
-81.285,27.34,576,2017,Bumble Bee Island (Istokpoga),Kissimmee,27.34,-81.285,0,0,0,0,0,0,35,6,124,0,0,0,0,0,0,0,0,0,0,818,0,0,4,0,987,0,0
-80.998,27.259,577,2017,Pool E Spoil Island South,Kissimmee,27.259,-80.998,0,0,0,0,0,0,0,0,0,0,0,0,0,0,0,0,0,0,0,0,0,0,0,0,0,0,0
-80.8899999989999,27.2060000010001,578,2017,Lemkin Creek SW,Kissimmee,27.206,-80.89,0,0,0,0,0,0,0,0,0,0,0,0,0,0,0,0,0,0,0,0,0,0,0,0,0,0,0
